,Manufacturer,Model_Name,Category,Screen_Size_Inches,Screen,CPU,CPU_Brands,RAM_GB,Storage,Storage_Type,GPU,GPU_Brands,Operating_System,Operating_System_Version,Weight,Resolution & Weight,Price_Euros
8,Asus,ZenBook UX430UN,Ultrabook,14.0,Full HD 1920x1080,Intel Core i7 8550U 1.8GHz,Intel,16,512GB SSD,SSD,Nvidia GeForce MX150,Nvidia,Windows,10,1.3kg,1920x1080  ------>  1.3kg,"1495,00"
18,Lenovo,IdeaPad 320-15IKB,Notebook,15.6,Full HD 1920x1080,Intel Core i3 7100U 2.4GHz,Intel,8,1TB HDD,HDD,Nvidia GeForce 940MX,Nvidia,No OS,,2.2kg,1920x1080  ------>  2.2kg,"499,00"
21,Lenovo,Legion Y520-15IKBN,Gaming,15.6,IPS Panel Full HD 1920x1080,Intel Core i5 7300HQ 2.5GHz,Intel,8,128GB SSD +  1TB HDD,SSD,Nvidia GeForce GTX 1050,Nvidia,Windows,10,2.5kg,1920x1080  ------>  2.5kg,"999,00"
29,HP,ProBook 470,Notebook,17.3,Full HD 1920x1080,Intel Core i5 8250U 1.6GHz,Intel,8,1TB HDD,HDD,Nvidia GeForce 930MX,Nvidia,Windows,10,2.5kg,1920x1080  ------>  2.5kg,"896,00"
39,HP,ProBook 450,Notebook,15.6,Full HD 1920x1080,Intel Core i5 8250U 1.6GHz,Intel,8,256GB SSD,SSD,Nvidia GeForce 930MX ,Nvidia,Windows,10,2.1kg,1920x1080  ------>  2.1kg,"879,00"
41,Dell,Inspiron 7577,Gaming,15.6,IPS Panel Full HD 1920x1080,Intel Core i7 7700HQ 2.8GHz,Intel,16,256GB SSD +  1TB HDD,SSD,Nvidia GeForce GTX 1060,Nvidia,Windows,10,2.65kg,1920x1080  ------>  2.65kg,"1499,00"
42,Asus,X542UQ-GO005 (i5-7200U/8GB/1TB/GeForce,Notebook,15.6,1366x768,Intel Core i5 7200U 2.5GHz,Intel,8,1TB HDD,HDD,Nvidia GeForce 940MX,Nvidia,Linux,,2.3kg,1366x768  ------>  2.3kg,"522,99"
44,Dell,Inspiron 7773,2 in 1 Convertible,17.3,Full HD / Touchscreen 1920x1080,Intel Core i5 8250U 1.6GHz,Intel,12,1TB HDD,HDD,Nvidia GeForce 150MX,Nvidia,Windows,10,2.77kg,1920x1080  ------>  2.77kg,"999,00"
49,Asus,X751NV-TY001T (N4200/4GB/1TB/GeForce,Notebook,17.3,1366x768,Intel Pentium Quad Core N4200 1.1GHz,Intel,4,1TB HDD,HDD,Nvidia GeForce 920MX,Nvidia,Windows,10,2.8kg,1366x768  ------>  2.8kg,"466,00"
51,Acer,Aspire A515-51G,Notebook,15.6,IPS Panel Full HD 1920x1080,Intel Core i7 8550U 1.8GHz,Intel,8,256GB SSD,SSD,Nvidia GeForce MX150,Nvidia,Windows,10,2.2kg,1920x1080  ------>  2.2kg,"841,00"
58,MSI,GS73VR 7RG,Gaming,17.3,Full HD 1920x1080,Intel Core i7 7700HQ 2.8GHz,Intel,16,256GB SSD +  2TB HDD,SSD,Nvidia GeForce GTX 1070,Nvidia,Windows,10,2.43kg,1920x1080  ------>  2.43kg,"2449,00"
65,Asus,ZenBook Pro,Ultrabook,15.6,Full HD 1920x1080,Intel Core i7 7700HQ 2.8GHz,Intel,16,512GB SSD,SSD,Nvidia GeForce GTX 1050 Ti,Nvidia,Windows,10,1.8kg,1920x1080  ------>  1.8kg,"1983,00"
69,Asus,FX753VE-GC093 (i7-7700HQ/12GB/1TB/GeForce,Gaming,17.3,Full HD 1920x1080,Intel Core i7 7700HQ 2.8GHz,Intel,12,1TB HDD,HDD,Nvidia GeForce GTX 1050 Ti,Nvidia,Linux,,3kg,1920x1080  ------>  3kg,"949,00"
73,MSI,GL72M 7RDX,Gaming,17.3,Full HD 1920x1080,Intel Core i5 7300HQ 2.5GHz,Intel,8,128GB SSD +  1TB HDD,SSD,Nvidia GeForce GTX 1050,Nvidia,Windows,10,2.7kg,1920x1080  ------>  2.7kg,"1095,00"
75,Asus,FX503VD-E4022T (i7-7700HQ/8GB/1TB/GeForce,Gaming,15.6,Full HD 1920x1080,Intel Core i7 7700HQ 2.8GHz,Intel,8,1TB HDD,HDD,Nvidia GeForce GTX 1050,Nvidia,Windows,10,2.2kg,1920x1080  ------>  2.2kg,"949,00"
78,Acer,Aspire A515-51G-32MX,Notebook,15.6,Full HD 1920x1080,Intel Core i3 7130U 2.7GHz,Intel,4,1TB HDD,HDD,Nvidia GeForce MX130,Nvidia,Windows,10,2.2kg,1920x1080  ------>  2.2kg,"530,00"
79,HP,ProBook 470,Notebook,17.3,Full HD 1920x1080,Intel Core i5 8250U 1.6GHz,Intel,8,128GB SSD +  1TB HDD,SSD,Nvidia GeForce 930MX,Nvidia,Windows,10,2.5kg,1920x1080  ------>  2.5kg,"977,00"
85,Dell,Inspiron 7577,Gaming,15.6,IPS Panel Full HD 1920x1080,Intel Core i7 7700HQ 2.8GHz,Intel,16,128GB SSD +  1TB HDD,SSD,Nvidia GeForce GTX 1050 Ti,Nvidia,Windows,10,2.65kg,1920x1080  ------>  2.65kg,"1349,00"
86,HP,Pavilion 15-CK000nv,Ultrabook,15.6,IPS Panel Full HD 1920x1080,Intel Core i7 8550U 1.8GHz,Intel,8,256GB SSD,SSD,Nvidia GeForce GTX 940MX,Nvidia,Windows,10,1.83kg,1920x1080  ------>  1.83kg,"699,00"
88,Asus,FX503VM-E4007T (i7-7700HQ/16GB/1TB,Gaming,15.6,IPS Panel Full HD 1920x1080,Intel Core i7 7700HQ 2.8GHz,Intel,16,128GB SSD +  1TB HDD,SSD,Nvidia GeForce GTX 1060,Nvidia,Windows,10,2.2kg,1920x1080  ------>  2.2kg,"1449,00"
91,Acer,Aspire 5,Notebook,15.6,Full HD 1920x1080,Intel Core i7 8550U 1.8GHz,Intel,8,1TB HDD,HDD,Nvidia GeForce MX150,Nvidia,Windows,10,2.2kg,1920x1080  ------>  2.2kg,"689,00"
93,Dell,Inspiron 7577,Gaming,15.6,Full HD 1920x1080,Intel Core i5 7300HQ 2.5GHz,Intel,8,256GB SSD,SSD,Nvidia GeForce GTX 1060,Nvidia,Windows,10,2.65kg,1920x1080  ------>  2.65kg,"1195,00"
98,Asus,X541UV-DM1439T (i3-7100U/6GB/256GB/GeForce,Notebook,15.6,Full HD 1920x1080,Intel Core i3 7100U 2.4GHz,Intel,6,256GB SSD,SSD,Nvidia GeForce 920M,Nvidia,Windows,10,2kg,1920x1080  ------>  2kg,"577,00"
99,HP,Omen 15-ce007nv,Gaming,15.6,IPS Panel Full HD 1920x1080,Intel Core i7 7700HQ 2.8GHz,Intel,12,128GB SSD +  1TB HDD,SSD,Nvidia GeForce GTX 1050,Nvidia,Windows,10,2.62kg,1920x1080  ------>  2.62kg,"1249,00"
103,HP,Envy 13-ad009n,Ultrabook,13.3,IPS Panel Full HD 1920x1080,Intel Core i7 7500U 2.7GHz,Intel,8,256GB SSD,SSD,Nvidia GeForce MX150,Nvidia,Windows,10,1.38kg,1920x1080  ------>  1.38kg,"1119,00"
105,HP,Pavilion 14-BK001nv,Notebook,14.0,IPS Panel Full HD 1920x1080,Intel Core i5 7200U 2.5GHz,Intel,6,256GB SSD,SSD,Nvidia GeForce 940MX,Nvidia,Windows,10,1.58kg,1920x1080  ------>  1.58kg,"659,00"
107,Asus,UX430UQ-GV209R (i7-7500U/8GB/256GB/GeForce,Ultrabook,14.0,IPS Panel Full HD 1920x1080,Intel Core i7 7500U 2.7GHz,Intel,8,256GB SSD,SSD,Nvidia GeForce 940MX,Nvidia,Windows,10,1.3kg,1920x1080  ------>  1.3kg,"1193,00"
108,MSI,GP62M 7REX,Gaming,15.6,Full HD 1920x1080,Intel Core i7 7700HQ 2.8GHz,Intel,16,256GB SSD +  1TB HDD,SSD,Nvidia GeForce GTX 1050 Ti,Nvidia,Windows,10,2.2kg,1920x1080  ------>  2.2kg,"1299,00"
110,Asus,VivoBook S15,Ultrabook,15.6,Full HD 1920x1080,Intel Core i7 8550U 1.8GHz,Intel,16,256GB SSD +  1TB HDD,SSD,Nvidia GeForce MX150,Nvidia,Windows,10,1.5kg,1920x1080  ------>  1.5kg,"1262,00"
117,Dell,Inspiron 7570,Notebook,15.6,IPS Panel Full HD 1920x1080,Intel Core i7 8550U 1.8GHz,Intel,8,256GB SSD +  1TB HDD,SSD,Nvidia GeForce 940MX,Nvidia,Windows,10,2.16kg,1920x1080  ------>  2.16kg,"1130,33"
118,Asus,X705UV-BX074T (i3-6006U/4GB/1TB/GeForce,Notebook,17.3,Full HD 1920x1080,Intel Core i3 6006U 2GHz,Intel,4,1TB HDD,HDD,Nvidia GeForce 920MX,Nvidia,Windows,10,2kg,1920x1080  ------>  2kg,"564,00"
119,Asus,VivoBook S15,Notebook,15.6,Full HD 1920x1080,Intel Core i7 8550U 1.8GHz,Intel,8,256GB SSD,SSD,Nvidia GeForce 940MX,Nvidia,Windows,10,1.7kg,1920x1080  ------>  1.7kg,"1118,00"
121,MSI,GS63VR 7RG,Gaming,15.6,Full HD 1920x1080,Intel Core i7 7700HQ 2.8GHz,Intel,16,256GB SSD +  2TB HDD,SSD,Nvidia GeForce GTX 1070,Nvidia,Windows,10,1.8kg,1920x1080  ------>  1.8kg,"2241,50"
122,Lenovo,IdeaPad 320-15IKBN,Notebook,15.6,Full HD 1920x1080,Intel Core i5 7200U 2.5GHz,Intel,8,256GB SSD,SSD,Nvidia GeForce 940MX,Nvidia,No OS,,2.2kg,1920x1080  ------>  2.2kg,"629,00"
123,HP,Probook 470,Notebook,17.3,Full HD 1920x1080,Intel Core i7 8550U 1.8GHz,Intel,16,512GB SSD,SSD,Nvidia GeForce 930MX ,Nvidia,Windows,10,2.5kg,1920x1080  ------>  2.5kg,"1271,00"
133,Acer,Aspire A515-51G-37JS,Notebook,15.6,Full HD 1920x1080,Intel Core i3 7130U 2.7GHz,Intel,4,256GB SSD,SSD,Nvidia GeForce MX130,Nvidia,Windows,10,2.2kg,1920x1080  ------>  2.2kg,"572,00"
137,Asus,FX753VD-GC086T (i5-7300HQ/8GB/1TB,Gaming,17.3,Full HD 1920x1080,Intel Core i5 7300HQ 2.5GHz,Intel,8,128GB SSD +  1TB HDD,SSD,Nvidia GeForce GTX 1050,Nvidia,Windows,10,3kg,1920x1080  ------>  3kg,"938,00"
138,Lenovo,IdeaPad 320-15IKBN,Notebook,15.6,Full HD 1920x1080,Intel Core i5 7200U 2.5GHz,Intel,4,1TB HDD,HDD,Nvidia GeForce 920MX,Nvidia,No OS,,2.2kg,1920x1080  ------>  2.2kg,"499,00"
140,Acer,Aspire 5,Notebook,17.3,IPS Panel Full HD 1920x1080,Intel Core i3 7130U 2.7GHz,Intel,4,1TB HDD,HDD,Nvidia GeForce MX130,Nvidia,Windows,10,3kg,1920x1080  ------>  3kg,"655,00"
142,Lenovo,Legion Y520-15IKBN,Gaming,15.6,IPS Panel Full HD 1920x1080,Intel Core i7 7700HQ 2.8GHz,Intel,8,256GB SSD,SSD,Nvidia GeForce GTX 1050M,Nvidia,No OS,,2.4kg,1920x1080  ------>  2.4kg,"869,00"
148,MSI,GE72MVR 7RG,Gaming,17.3,Full HD 1920x1080,Intel Core i7 7700HQ 2.8GHz,Intel,16,256GB SSD +  1TB HDD,SSD,Nvidia GeForce GTX 1070,Nvidia,Windows,10,2.9kg,1920x1080  ------>  2.9kg,"2029,00"
150,Dell,Inspiron 5577,Gaming,15.6,Full HD 1920x1080,Intel Core i7 7700HQ 2.8GHz,Intel,16,512GB SSD,SSD,Nvidia GeForce GTX 1050,Nvidia,Windows,10,2.56kg,1920x1080  ------>  2.56kg,"1249,26"
151,Dell,Inspiron 7567,Gaming,15.6,Full HD 1920x1080,Intel Core i7 7700HQ 2.8GHz,Intel,8,1TB Hybrid,Hybrid,Nvidia GeForce GTX 1050,Nvidia,Windows,10,2.62kg,1920x1080  ------>  2.62kg,"899,00"
153,MSI,GE73VR 7RE,Gaming,17.3,Full HD 1920x1080,Intel Core i7 7700HQ 2.8GHz,Intel,16,256GB SSD +  1TB HDD,SSD,Nvidia GeForce GTX 1060,Nvidia,Windows,10,2.8kg,1920x1080  ------>  2.8kg,"1890,00"
161,Acer,Aspire A517-51G,Notebook,17.3,IPS Panel Full HD 1920x1080,Intel Core i5 8250U 1.6GHz,Intel,4,256GB SSD,SSD,Nvidia GeForce MX150,Nvidia,Windows,10,3kg,1920x1080  ------>  3kg,"805,00"
163,Lenovo,Legion Y520-15IKBN,Gaming,15.6,IPS Panel Full HD 1920x1080,Intel Core i7 7700HQ 2.8GHz,Intel,16,256GB SSD,SSD,Nvidia GeForce GTX 1050 Ti,Nvidia,Windows,10,2.5kg,1920x1080  ------>  2.5kg,"1079,00"
165,MSI,GE63VR 7RE,Gaming,15.6,IPS Panel Full HD 1920x1080,Intel Core i7 7700HQ 2.8GHz,Intel,16,256GB SSD +  1TB HDD,SSD,Nvidia GeForce GTX 1060,Nvidia,Windows,10,2.4kg,1920x1080  ------>  2.4kg,"1799,00"
167,Dell,Inspiron 5577,Gaming,15.6,Full HD 1920x1080,Intel Core i7 7700HQ 2.8GHz,Intel,8,128GB SSD +  1TB HDD,SSD,Nvidia GeForce GTX 1050,Nvidia,Windows,10,2.56kg,1920x1080  ------>  2.56kg,"1060,49"
168,Acer,Aspire A517-51G,Notebook,17.3,IPS Panel Full HD 1920x1080,Intel Core i5 8250U 1.6GHz,Intel,8,256GB SSD,SSD,Nvidia GeForce MX150,Nvidia,Windows,10,3kg,1920x1080  ------>  3kg,"854,00"
174,HP,ProBook 470,Notebook,17.3,Full HD 1920x1080,Intel Core i5 8250U 1.6GHz,Intel,8,256GB SSD,SSD,Nvidia GeForce 930MX,Nvidia,Windows,10,2.5kg,1920x1080  ------>  2.5kg,"923,00"
177,MSI,GT80S 6QF-074US,Gaming,18.4,Full HD 1920x1080,Intel Core i7 6920HQ 2.9GHz,Intel,32,512GB SSD +  1TB HDD,SSD,Nvidia GTX 980 SLI,Nvidia,Windows,10,4.4kg,1920x1080  ------>  4.4kg,"2799,00"
184,Xiaomi,Mi Notebook,Notebook,15.6,IPS Panel Full HD 1920x1080,Intel Core i5 8250U 1.6GHz,Intel,8,256GB SSD,SSD,Nvidia GeForce MX150,Nvidia,No OS,,1.95kg,1920x1080  ------>  1.95kg,"1199,00"
185,Dell,Inspiron 7773,Notebook,17.3,Full HD / Touchscreen 1920x1080,Intel Core i7 8550U 1.8GHz,Intel,16,512GB SSD,SSD,Nvidia GeForce 150MX,Nvidia,Windows,10,2.77kg,1920x1080  ------>  2.77kg,"1549,00"
186,Dell,XPS 15,Notebook,15.6,4K Ultra HD / Touchscreen 3840x2160,Intel Core i7 7700HQ 2.8GHz,Intel,16,512GB SSD,SSD,Nvidia GeForce GTX 1050,Nvidia,Windows,10,2.06kg,3840x2160  ------>  2.06kg,"2397,00"
187,Lenovo,Legion Y520-15IKBN,Gaming,15.6,IPS Panel Full HD 1920x1080,Intel Core i5 7300HQ 2.5GHz,Intel,8,256GB SSD,SSD,Nvidia GeForce GTX 1050,Nvidia,No OS,,2.4kg,1920x1080  ------>  2.4kg,"779,00"
192,Xiaomi,Mi Notebook,Ultrabook,13.3,IPS Panel Full HD 1920x1080,Intel Core i5 7200U 2.5GHz,Intel,8,256GB SSD,SSD,Nvidia GeForce MX150,Nvidia,No OS,,1.3kg,1920x1080  ------>  1.3kg,"999,90"
193,Lenovo,IdeaPad 320-17IKBR,Notebook,17.3,1600x900,Intel Core i5 8250U 1.6GHz,Intel,8,256GB SSD,SSD,Nvidia GeForce MX150,Nvidia,No OS,,2.8kg,1600x900  ------>  2.8kg,"698,00"
195,HP,ProBook 470,Notebook,17.3,IPS Panel Full HD 1920x1080,Intel Core i5 8250U 1.6GHz,Intel,8,1TB HDD,HDD,Nvidia GeForce 930MX,Nvidia,Windows,10,2.5kg,1920x1080  ------>  2.5kg,"914,00"
196,Razer,Blade Pro,Gaming,17.3,4K Ultra HD / Touchscreen 3840x2160,Intel Core i7 7820HK 2.9GHz,Intel,32,1TB SSD,SSD,Nvidia GeForce GTX 1080,Nvidia,Windows,10,3.49kg,3840x2160  ------>  3.49kg,"6099,00"
198,HP,Omen 17-W295,Gaming,17.3,IPS Panel Full HD 1920x1080,Intel Core i7 7700HQ 2.8GHz,Intel,16,256GB SSD +  1TB HDD,SSD,Nvidia GeForce GTX 1050,Nvidia,Windows,10,3.35kg,1920x1080  ------>  3.35kg,"1379,00"
199,HP,Probook 470,Notebook,17.3,Full HD 1920x1080,Intel Core i7 8550U 1.8GHz,Intel,8,256GB SSD,SSD,Nvidia GeForce 930MX ,Nvidia,Windows,10,2.5kg,1920x1080  ------>  2.5kg,"1045,00"
200,Dell,Inspiron 7577,Gaming,15.6,IPS Panel 4K Ultra HD 3840x2160,Intel Core i7 7700HQ 2.8GHz,Intel,16,512GB SSD +  1TB HDD,SSD,Nvidia GeForce GTX 1060,Nvidia,Windows,10,2.65kg,3840x2160  ------>  2.65kg,"1845,00"
202,Acer,Aspire E5-576G,Notebook,15.6,Full HD 1920x1080,Intel Core i7 7500U 2.7GHz,Intel,8,1TB HDD,HDD,Nvidia GeForce 940MX,Nvidia,Windows,10,2.23kg,1920x1080  ------>  2.23kg,"742,00"
203,Lenovo,Legion Y720-15IKB,Gaming,15.6,IPS Panel Full HD 1920x1080,Intel Core i7 7700HQ 2.8GHz,Intel,16,512GB SSD +  1TB HDD,SSD,Nvidia GeForce GTX 1060,Nvidia,Windows,10,3.2kg,1920x1080  ------>  3.2kg,"1749,00"
204,Dell,Precision 7520,Workstation,15.6,4K Ultra HD 3840x2160,Intel Xeon E3-1505M V6 3GHz,Intel,16,256GB SSD +  1TB HDD,SSD,Nvidia Quadro M1200,Nvidia,Windows,10,2.8kg,3840x2160  ------>  2.8kg,"3055,00"
205,Lenovo,Legion Y520-15IKBN,Gaming,15.6,Full HD 1920x1080,Intel Core i7 7700HQ 2.8GHz,Intel,16,512GB SSD,SSD,Nvidia GeForce GTX 1060,Nvidia,No OS,,2.4kg,1920x1080  ------>  2.4kg,"1398,00"
210,Acer,Aspire 7,Notebook,15.6,Full HD 1920x1080,Intel Core i7 7700HQ 2.8GHz,Intel,8,1TB HDD,HDD,Nvidia GeForce GTX 1050,Nvidia,Linux,,2.4kg,1920x1080  ------>  2.4kg,"779,00"
211,Asus,ROG GL703VD-GC028T,Gaming,17.3,Full HD 1920x1080,Intel Core i7 7700HQ 2.8GHz,Intel,16,256GB SSD +  1TB HDD,SSD,Nvidia GeForce GTX 1050,Nvidia,Windows,10,2.9kg,1920x1080  ------>  2.9kg,"1407,00"
216,Lenovo,IdeaPad 320-17IKB,Notebook,17.3,1600x900,Intel Core i5 7200U 2.5GHz,Intel,8,1TB HDD,HDD,Nvidia GeForce GTX 940MX,Nvidia,No OS,,2.8kg,1600x900  ------>  2.8kg,"589,00"
217,HP,Probook 440,Notebook,14.0,Full HD 1920x1080,Intel Core i7 8550U 1.8GHz,Intel,8,256GB SSD,SSD,Nvidia GeForce 930MX,Nvidia,Windows,10,1.63kg,1920x1080  ------>  1.63kg,"1031,00"
224,Dell,Alienware 17,Gaming,17.3,IPS Panel Full HD 1920x1080,Intel Core i7 7700HQ 2.8GHz,Intel,16,256GB SSD +  1TB HDD,SSD,Nvidia GeForce GTX 1060,Nvidia,Windows,10,4.42kg,1920x1080  ------>  4.42kg,"2456,34"
225,Acer,Aspire E5-576G,Notebook,15.6,Full HD 1920x1080,Intel Core i7 7500U 2.7GHz,Intel,8,256GB SSD,SSD,Nvidia GeForce 940MX,Nvidia,Windows,10,2.2kg,1920x1080  ------>  2.2kg,"832,00"
227,Asus,Vivobook X541UV-DM1217T,Notebook,15.6,Full HD 1920x1080,Intel Core i5 7200U 2.5GHz,Intel,8,256GB SSD,SSD,Nvidia GeForce 920MX ,Nvidia,Windows,10,2kg,1920x1080  ------>  2kg,"769,00"
228,Asus,K756UX-T4340T (i5-7200U/8GB/500GB,Notebook,17.3,Full HD 1920x1080,Intel Core i5 7200U 2.5GHz,Intel,8,256GB SSD +  500GB HDD,SSD,Nvidia GeForce GTX 950M,Nvidia,Windows,10,2.69kg,1920x1080  ------>  2.69kg,"891,00"
232,Lenovo,Legion Y720-15IKB,Gaming,15.6,IPS Panel Full HD 1920x1080,Intel Core i7 7700HQ 2.8GHz,Intel,16,256GB SSD +  1TB HDD,SSD,Nvidia GeForce GTX 1060,Nvidia,Windows,10,3.2kg,1920x1080  ------>  3.2kg,"1499,00"
238,Asus,ROG G703VI-E5062T,Gaming,17.3,Full HD 1920x1080,Intel Core i7 7820HK 2.9GHz,Intel,32,512GB SSD +  1TB HDD,SSD,Nvidia GeForce GTX 1080,Nvidia,Windows,10,4.7kg,1920x1080  ------>  4.7kg,"3890,00"
239,Acer,Nitro AN515-51,Gaming,15.6,IPS Panel Full HD 1920x1080,Intel Core i5 7300HQ 2.5GHz,Intel,8,256GB SSD,SSD,Nvidia GeForce GTX 1050,Nvidia,Windows,10,2.5kg,1920x1080  ------>  2.5kg,"846,00"
241,Asus,VivoBook Pro,Notebook,17.3,Full HD 1920x1080,Intel Core i7 8550U 1.8GHz,Intel,8,128GB SSD +  1TB HDD,SSD,Nvidia GeForce 150MX,Nvidia,Windows,10,2.1kg,1920x1080  ------>  2.1kg,"1145,00"
242,Asus,F756UX-T4201D (i7-7500U/8GB/128GB,Notebook,17.3,Full HD 1920x1080,Intel Core i7 7500U 2.7GHz,Intel,8,128GB SSD +  1TB HDD,SSD,Nvidia GeForce GTX 950M,Nvidia,No OS,,2.69kg,1920x1080  ------>  2.69kg,"889,00"
243,Dell,Inspiron 5577,Gaming,15.6,Full HD 1920x1080,Intel Core i5 7300HQ 2.5GHz,Intel,8,256GB SSD,SSD,Nvidia GeForce GTX 1050,Nvidia,Windows,10,2.56kg,1920x1080  ------>  2.56kg,"879,00"
247,Asus,Rog G701VIK-BA060T,Gaming,17.3,Full HD 1920x1080,Intel Core i7 7820HK 2.9GHz,Intel,16,256GB SSD,SSD,Nvidia GeForce GTX 1080,Nvidia,Windows,10,3.6kg,1920x1080  ------>  3.6kg,"2999,00"
251,Asus,ROG G752VSK-GC493T,Gaming,17.3,Full HD 1920x1080,Intel Core i7 7700HQ 2.8GHz,Intel,16,256GB SSD +  1TB HDD,SSD,Nvidia GeForce GTX 980M,Nvidia,Windows,10,4.3kg,1920x1080  ------>  4.3kg,"1799,00"
254,Acer,Aspire 5,Notebook,17.3,IPS Panel Full HD 1920x1080,Intel Core i3 7130U 2.7GHz,Intel,4,256GB SSD,SSD,Nvidia GeForce MX130,Nvidia,Windows,10,3kg,1920x1080  ------>  3kg,"702,00"
257,HP,Envy 17-U275cl,Notebook,17.3,IPS Panel Full HD 1920x1080,Intel Core i7 8550U 1.8GHz,Intel,16,1TB HDD,HDD,Nvidia GeForce MX150,Nvidia,Windows,10,2.9kg,1920x1080  ------>  2.9kg,"1059,00"
258,MSI,GT73EVR 7RE,Gaming,17.3,Full HD 1920x1080,Intel Core i7 7700HQ 2.8GHz,Intel,16,512GB SSD +  1TB HDD,SSD,Nvidia GeForce GTX 1070,Nvidia,Windows,10,4.14kg,1920x1080  ------>  4.14kg,"2499,00"
259,Lenovo,Yoga 720-15IKB,2 in 1 Convertible,15.6,IPS Panel Full HD / Touchscreen 1920x1080,Intel Core i7 7700HQ 2.8GHz,Intel,8,512GB SSD,SSD,Nvidia GeForce GTX 1050M,Nvidia,Windows,10,2kg,1920x1080  ------>  2kg,"1699,00"
268,HP,Probook 470,Notebook,17.3,Full HD 1920x1080,Intel Core i7 8550U 1.8GHz,Intel,8,1TB HDD,HDD,Nvidia GeForce 930MX ,Nvidia,Windows,10,2.5kg,1920x1080  ------>  2.5kg,"1018,00"
274,Toshiba,Satellite Pro,Notebook,15.6,1366x768,Intel Core i7 6500U 2.5GHz,Intel,8,500GB HDD,HDD,Nvidia GeForce 930M,Nvidia,Windows,10,2.2kg,1366x768  ------>  2.2kg,"812,00"
277,Acer,Aspire A515-51G,Notebook,15.6,IPS Panel Full HD 1920x1080,Intel Core i7 8550U 1.8GHz,Intel,8,1TB HDD,HDD,Nvidia GeForce MX130,Nvidia,Windows,10,2.2kg,1920x1080  ------>  2.2kg,"745,00"
279,Lenovo,IdeaPad 320-17IKBR,Notebook,17.3,Full HD 1920x1080,Intel Core i7 8550U 1.8GHz,Intel,8,2TB HDD,HDD,Nvidia GeForce MX150,Nvidia,No OS,,2.8kg,1920x1080  ------>  2.8kg,"849,00"
280,Lenovo,IdeaPad 320-17IKB,Notebook,17.3,1600x900,Intel Core i7 7500U 2.7GHz,Intel,6,128GB SSD +  1TB HDD,SSD,Nvidia GeForce 940MX,Nvidia,Windows,10,2.8kg,1600x900  ------>  2.8kg,"859,00"
282,Lenovo,Legion Y520-15IKBN,Gaming,15.6,IPS Panel Full HD 1920x1080,Intel Core i5 7300HQ 2.5GHz,Intel,8,256GB SSD,SSD,Nvidia GeForce GTX 1050,Nvidia,Windows,10,2.5kg,1920x1080  ------>  2.5kg,"829,00"
284,Acer,Aspire A517-51G,Notebook,15.6,IPS Panel Full HD 1920x1080,Intel Core i7 8550U 1.8GHz,Intel,8,256GB SSD,SSD,Nvidia GeForce MX150,Nvidia,Windows,10,3kg,1920x1080  ------>  3kg,"951,00"
287,Asus,VivoBook S15,Ultrabook,15.6,Full HD 1920x1080,Intel Core i5 7200U 2.5GHz,Intel,8,256GB SSD,SSD,Nvidia GeForce 940MX,Nvidia,Windows,10,1.7kg,1920x1080  ------>  1.7kg,"977,00"
288,Lenovo,Legion Y520-15IKBN,Gaming,15.6,IPS Panel Full HD 1920x1080,Intel Core i7 7700HQ 2.8GHz,Intel,16,256GB SSD +  1TB HDD,SSD,Nvidia GeForce GTX 1050 Ti,Nvidia,Windows,10,2.5kg,1920x1080  ------>  2.5kg,"1179,00"
289,Lenovo,IdeaPad 320-15IKB,Notebook,15.6,Full HD 1920x1080,Intel Core i7 7500U 2.7GHz,Intel,8,1TB HDD,HDD,Nvidia GeForce 940MX,Nvidia,No OS,,2.2kg,1920x1080  ------>  2.2kg,"659,01"
291,Asus,FX753VD-GC071T (i7-7700HQ/8GB/1TB/GeForce,Gaming,17.3,Full HD 1920x1080,Intel Core i7 7700HQ 2.8GHz,Intel,8,1TB HDD,HDD,Nvidia GeForce GTX 1050,Nvidia,Windows,10,3kg,1920x1080  ------>  3kg,"1187,00"
293,Dell,XPS 15,Notebook,15.6,Full HD 1920x1080,Intel Core i7 7700HQ 2.8GHz,Intel,8,256GB SSD,SSD,Nvidia GeForce GTX 1050,Nvidia,Windows,10,2kg,1920x1080  ------>  2kg,"1829,00"
295,Lenovo,Legion Y720-15IKB,Gaming,15.6,IPS Panel Full HD 1920x1080,Intel Core i7 7700HQ 2.8GHz,Intel,8,1TB HDD,HDD,Nvidia GeForce GTX 1060,Nvidia,Windows,10,3.2kg,1920x1080  ------>  3.2kg,"1299,00"
296,Acer,Aspire A715-71G,Notebook,15.6,Full HD 1920x1080,Intel Core i7 7700HQ 2.8GHz,Intel,8,256GB SSD,SSD,Nvidia GeForce GTX 1050 Ti,Nvidia,Linux,,2.5kg,1920x1080  ------>  2.5kg,"979,00"
297,Dell,Precision 7720,Workstation,17.3,Full HD 1920x1080,Intel Core i7 7820HQ 2.9GHz,Intel,16,256GB SSD,SSD,Nvidia Quadro M1200,Nvidia,Windows,10,3.42kg,1920x1080  ------>  3.42kg,"2884,86"
299,Asus,ZenBook UX530UQ-PRO,Ultrabook,15.6,Full HD 1920x1080,Intel Core i7 7500U 2.7GHz,Intel,16,512GB SSD,SSD,Nvidia GeForce 940MX,Nvidia,Windows,10,1.63kg,1920x1080  ------>  1.63kg,"1468,00"
301,Asus,Rog GL702VS-GC095T,Gaming,17.3,Full HD 1920x1080,Intel Core i7 7700HQ 2.8GHz,Intel,16,256GB SSD +  1TB HDD,SSD,Nvidia GeForce GTX 1070,Nvidia,Windows,10,2.9kg,1920x1080  ------>  2.9kg,"2122,00"
302,Lenovo,IdeaPad 320-17IKB,Notebook,17.3,1600x900,Intel Core i5 7200U 2.5GHz,Intel,6,1TB HDD,HDD,Nvidia GeForce GTX 940M,Nvidia,Windows,10,2.8kg,1600x900  ------>  2.8kg,"649,00"
303,Lenovo,IdeaPad 320-15IKBN,Notebook,15.6,1366x768,Intel Core i5 7200U 2.5GHz,Intel,8,2TB HDD,HDD,Nvidia GeForce 940MX,Nvidia,No OS,,2.2kg,1366x768  ------>  2.2kg,"549,00"
304,Asus,GL553VE-FY082T (i7-7700HQ/8GB/1TB,Gaming,15.6,Full HD 1920x1080,Intel Core i7 7700HQ 2.8GHz,Intel,8,128GB SSD +  1TB HDD,SSD,Nvidia GeForce GTX 1050 Ti,Nvidia,Windows,10,2.5kg,1920x1080  ------>  2.5kg,"1265,00"
307,Toshiba,Satellite Pro,Notebook,15.6,IPS Panel Full HD 1920x1080,Intel Core i7 6500U 2.5GHz,Intel,8,256GB SSD,SSD,Nvidia GeForce 930M,Nvidia,Windows,10,2.2kg,1920x1080  ------>  2.2kg,"1043,00"
308,Lenovo,IdeaPad 320-15IKB,Notebook,15.6,Full HD 1920x1080,Intel Core i5 7200U 2.5GHz,Intel,8,128GB SSD +  1TB HDD,SSD,Nvidia GeForce 940MX,Nvidia,Windows,10,2.3kg,1920x1080  ------>  2.3kg,"819,00"
312,MSI,GE63VR 7RF,Gaming,15.6,IPS Panel Full HD 1920x1080,Intel Core i7 7700HQ 2.8GHz,Intel,16,256GB SSD +  1TB HDD,SSD,Nvidia GeForce GTX 1070,Nvidia,Windows,10,2.8kg,1920x1080  ------>  2.8kg,"2099,00"
321,Lenovo,IdeaPad 320-17IKB,Notebook,17.3,1600x900,Intel Core i5 7200U 2.5GHz,Intel,4,1TB HDD,HDD,Nvidia GeForce 920MX,Nvidia,Windows,10,2.79kg,1600x900  ------>  2.79kg,"589,00"
327,Asus,VivoBook S15,Ultrabook,15.6,Full HD 1920x1080,Intel Core i7 7500U 2.7GHz,Intel,8,256GB SSD,SSD,Nvidia GeForce 940MX,Nvidia,Windows,10,1.7kg,1920x1080  ------>  1.7kg,"1049,90"
329,Dell,XPS 15,Notebook,15.6,4K Ultra HD / Touchscreen 3840x2160,Intel Core i7 7700HQ 2.8GHz,Intel,32,1TB SSD,SSD,Nvidia GeForce GTX 1050,Nvidia,Windows,10,2.06kg,3840x2160  ------>  2.06kg,"2639,00"
330,MSI,GL72M 7REX,Gaming,17.3,Full HD 1920x1080,Intel Core i7 7700HQ 2.8GHz,Intel,8,256GB SSD +  1TB HDD,SSD,Nvidia GeForce GTX 1050 Ti,Nvidia,Windows,10,2.7kg,1920x1080  ------>  2.7kg,"1199,00"
334,Asus,FX553VD-FY647T (i7-7700HQ/8GB/256GB/GeForce,Gaming,15.6,Full HD 1920x1080,Intel Core i7 7700HQ 2.8GHz,Intel,8,256GB SSD,SSD,Nvidia GeForce GTX 1050,Nvidia,Windows,10,2.5kg,1920x1080  ------>  2.5kg,"999,00"
336,Dell,Inspiron 7570,Ultrabook,15.6,IPS Panel Full HD 1920x1080,Intel Core i5 8250U 1.6GHz,Intel,8,128GB SSD +  1TB HDD,SSD,Nvidia GeForce 940MX,Nvidia,Windows,10,1.9kg,1920x1080  ------>  1.9kg,"1049,00"
339,Dell,Inspiron 7570,Notebook,15.6,Full HD 1920x1080,Intel Core i5 8250U 1.6GHz,Intel,8,256GB SSD,SSD,Nvidia GeForce 940MX,Nvidia,Windows,10,2kg,1920x1080  ------>  2kg,"1142,75"
342,HP,ProBook 450,Notebook,15.6,IPS Panel Full HD 1920x1080,Intel Core i3 7100U 2.4GHz,Intel,8,1TB HDD,HDD,Nvidia GeForce 930MX ,Nvidia,Windows,10,2.1kg,1920x1080  ------>  2.1kg,"716,00"
345,Lenovo,Legion Y520-15IKBN,Gaming,15.6,IPS Panel Full HD 1920x1080,Intel Core i7 7700HQ 2.8GHz,Intel,16,256GB SSD +  2TB HDD,SSD,Nvidia GeForce GTX 1050 Ti,Nvidia,Windows,10,2.4kg,1920x1080  ------>  2.4kg,"1129,00"
350,Dell,XPS 15,Notebook,15.6,4K Ultra HD / Touchscreen 3840x2160,Intel Core i7 7700HQ 2.8GHz,Intel,16,512GB SSD,SSD,Nvidia GeForce GTX 1050,Nvidia,Windows,10,2.06kg,3840x2160  ------>  2.06kg,"2027,42"
352,MSI,GP72MVR 7RFX,Gaming,17.3,Full HD 1920x1080,Intel Core i7 7700HQ 2.8GHz,Intel,8,128GB SSD +  1TB HDD,SSD,Nvidia GeForce GTX 1060,Nvidia,Windows,10,2.7kg,1920x1080  ------>  2.7kg,"1409,00"
353,HP,Zbook 15,Workstation,15.6,Full HD 1920x1080,Intel Core i7 7700HQ 2.8GHz,Intel,8,256GB SSD,SSD,Nvidia Quadro M1200,Nvidia,Windows,10,2.6kg,1920x1080  ------>  2.6kg,"1738,27"
354,Toshiba,Tecra A50-C-21G,Notebook,15.6,IPS Panel Full HD 1920x1080,Intel Core i7 6500U 2.5GHz,Intel,16,512GB SSD,SSD,Nvidia GeForce 930M,Nvidia,Windows,10,2.4kg,1920x1080  ------>  2.4kg,"1403,00"
357,Dell,Inspiron 7577,Gaming,15.6,Full HD 1920x1080,Intel Core i5 7300HQ 2.5GHz,Intel,8,1TB HDD,HDD,Nvidia GeForce GTX 1050,Nvidia,Windows,10,2.65kg,1920x1080  ------>  2.65kg,"999,00"
362,Lenovo,IdeaPad 320-17IKB,Notebook,17.3,1600x900,Intel Core i5 7200U 2.5GHz,Intel,6,128GB SSD +  1TB HDD,SSD,Nvidia GeForce GTX 940MX,Nvidia,Windows,10,2.8kg,1600x900  ------>  2.8kg,"719,00"
364,Lenovo,IdeaPad 320-15ISK,Notebook,15.6,1366x768,Intel Core i3 6006U 2GHz,Intel,8,256GB SSD,SSD,Nvidia GeForce 920MX ,Nvidia,No OS,,2.2kg,1366x768  ------>  2.2kg,"499,00"
367,Lenovo,Legion Y520-15IKBN,Gaming,15.6,IPS Panel Full HD 1920x1080,Intel Core i5 7300HQ 2.5GHz,Intel,8,128GB SSD +  1TB HDD,SSD,Nvidia GeForce GTX 1050,Nvidia,No OS,,2.4kg,1920x1080  ------>  2.4kg,"809,00"
370,Asus,ZenBook Flip,2 in 1 Convertible,15.6,Full HD / Touchscreen 1920x1080,Intel Core i7 7500U 2.7GHz,Intel,12,512GB SSD +  2TB HDD,SSD,Nvidia GeForce GT 940MX,Nvidia,Windows,10,2.26kg,1920x1080  ------>  2.26kg,"1099,00"
379,Acer,Aspire 7,Notebook,15.6,Full HD 1920x1080,Intel Core i7 7700HQ 2.8GHz,Intel,8,1TB HDD,HDD,Nvidia GeForce GTX 1050,Nvidia,Linux,,2.4kg,1920x1080  ------>  2.4kg,"846,00"
380,HP,Omen 17-w212nv,Gaming,17.3,IPS Panel Full HD 1920x1080,Intel Core i7 7700HQ 2.8GHz,Intel,8,128GB SSD +  1TB HDD,SSD,Nvidia GeForce GTX 1050,Nvidia,Windows,10,3.35kg,1920x1080  ------>  3.35kg,"1191,00"
382,Asus,ROG Strix,Gaming,15.6,IPS Panel Full HD 1920x1080,Intel Core i7 7700HQ 2.8GHz,Intel,8,128GB SSD +  1TB HDD,SSD,Nvidia GeForce GTX 1060,Nvidia,Windows,10,2.3kg,1920x1080  ------>  2.3kg,"1655,00"
383,Lenovo,IdeaPad 720S-14IKB,Notebook,14.0,IPS Panel Full HD 1920x1080,Intel Core i5 7200U 2.5GHz,Intel,8,256GB SSD,SSD,Nvidia GeForce 940MX,Nvidia,Windows,10,1.5kg,1920x1080  ------>  1.5kg,"1099,00"
388,Dell,Precision 5520,Workstation,15.6,IPS Panel Full HD 1920x1080,Intel Core i7 6820HQ 2.7GHz,Intel,8,256GB SSD,SSD,Nvidia Quadro M1200,Nvidia,Windows,10,2kg,1920x1080  ------>  2kg,"2135,00"
390,Asus,Rog GL753VD-GC042T,Gaming,17.3,Full HD 1920x1080,Intel Core i7 7700HQ 2.8GHz,Intel,8,1TB HDD,HDD,Nvidia GeForce GTX 1050,Nvidia,Windows,10,3kg,1920x1080  ------>  3kg,"1039,00"
391,Asus,Rog GL753VE-GC070T,Gaming,17.3,Full HD 1920x1080,Intel Core i7 7700HQ 2.8GHz,Intel,16,256GB SSD +  1TB HDD,SSD,Nvidia GeForce GTX 1050 Ti,Nvidia,Windows,10,3kg,1920x1080  ------>  3kg,"1591,00"
392,Acer,Aspire 5,Notebook,15.6,IPS Panel 1366x768,Intel Core i5 8250U 1.6GHz,Intel,12,1TB HDD,HDD,Nvidia GeForce MX130,Nvidia,Windows,10,2.2kg,1366x768  ------>  2.2kg,"693,99"
393,MSI,Leopard GP72M,Gaming,17.3,Full HD 1920x1080,Intel Core i7 7700HQ 2.8GHz,Intel,8,256GB SSD,SSD,Nvidia GeForce GTX 1050 Ti,Nvidia,Windows,10,2.7kg,1920x1080  ------>  2.7kg,"1349,00"
398,Dell,Precision M5520,Workstation,15.6,4K Ultra HD / Touchscreen 3840x2160,Intel Core i7 7700HQ 2.8GHz,Intel,8,256GB SSD,SSD,Nvidia Quadro M1200,Nvidia,Windows,10,1.78kg,3840x2160  ------>  1.78kg,"2712,00"
401,Asus,FX753VD-GC461T (i7-7700HQ/16GB/1TB,Gaming,17.3,Full HD 1920x1080,Intel Core i7 7700HQ 2.8GHz,Intel,16,256GB SSD +  1TB HDD,SSD,Nvidia GeForce GTX 1050,Nvidia,Windows,10,2.9kg,1920x1080  ------>  2.9kg,"1529,00"
403,Acer,Aspire 7,Notebook,15.6,Full HD 1920x1080,Intel Core i7 7700HQ 2.8GHz,Intel,8,256GB SSD,SSD,Nvidia GeForce GTX 1050,Nvidia,Linux,,2.5kg,1920x1080  ------>  2.5kg,"879,00"
404,MSI,GE73VR 7RF,Gaming,17.3,Full HD 1920x1080,Intel Core i7 7700HQ 2.8GHz,Intel,16,256GB SSD +  1TB HDD,SSD,Nvidia GeForce GTX 1070,Nvidia,Windows,10,2.8kg,1920x1080  ------>  2.8kg,"2249,00"
410,Lenovo,ThinkPad P51,Workstation,15.6,Full HD 1920x1080,Intel Core i7 7700HQ 2.8GHz,Intel,8,512GB SSD,SSD,Nvidia Quadro M1200,Nvidia,Windows,10,2.67kg,1920x1080  ------>  2.67kg,"1925,00"
411,Lenovo,Thinkpad T470p,Ultrabook,14.0,IPS Panel Full HD 2560x1440,Intel Core i7 7700HQ 2.8GHz,Intel,8,512GB SSD,SSD,Nvidia GeForce GT 940MX,Nvidia,Windows,10,1.7kg,2560x1440  ------>  1.7kg,"1943,00"
420,Lenovo,Yoga 720-15IKB,2 in 1 Convertible,15.6,IPS Panel 4K Ultra HD / Touchscreen 3840x2160,Intel Core i7 7700HQ 2.8GHz,Intel,16,512GB SSD,SSD,Nvidia GeForce GTX 1050,Nvidia,Windows,10,2kg,3840x2160  ------>  2kg,"1899,00"
423,Asus,X542UQ-DM117 (i3-7100U/8GB/1TB/GeForce,Notebook,15.6,Full HD 1920x1080,Intel Core i3 7100U 2.4GHz,Intel,8,1TB HDD,HDD,Nvidia GeForce 940MX,Nvidia,Linux,,2.3kg,1920x1080  ------>  2.3kg,"597,00"
424,Dell,Alienware 17,Gaming,17.3,IPS Panel 2560x1440,Intel Core i7 7820HK 2.9GHz,Intel,16,256GB SSD +  1TB HDD,SSD,Nvidia GeForce GTX 1070,Nvidia,Windows,10,4.42kg,2560x1440  ------>  4.42kg,"2799,00"
425,Dell,Inspiron 7577,Gaming,15.6,IPS Panel Full HD 1920x1080,Intel Core i7 7700HQ 2.8GHz,Intel,8,128GB SSD +  1TB HDD,SSD,Nvidia GeForce GTX 1050 Ti,Nvidia,Windows,10,2.62kg,1920x1080  ------>  2.62kg,"1159,00"
428,HP,Omen 17-w207nv,Gaming,17.3,Full HD 1920x1080,Intel Core i7 7700HQ 2.8GHz,Intel,12,256GB SSD +  1TB HDD,SSD,Nvidia GeForce GTX 1070,Nvidia,Windows,10,3.35kg,1920x1080  ------>  3.35kg,"1999,00"
433,Lenovo,Thinkpad T570,Workstation,15.6,IPS Panel 4K Ultra HD 3840x2160,Intel Core i7 7600U 2.8GHz,Intel,16,512GB SSD,SSD,Nvidia GeForce 940MX,Nvidia,Windows,10,2.3kg,3840x2160  ------>  2.3kg,"2445,00"
434,Lenovo,Thinkpad P51,Notebook,15.6,Full HD 1920x1080,Intel Core i7 7820HQ 2.9GHz,Intel,16,512GB SSD,SSD,Nvidia Quadro M2200M,Nvidia,Windows,10,2.5kg,1920x1080  ------>  2.5kg,"2449,00"
444,HP,Omen 15-AX205na,Gaming,15.6,IPS Panel Full HD 1920x1080,Intel Core i7 7700HQ 2.8GHz,Intel,8,128GB SSD +  1TB HDD,SSD,Nvidia GeForce GTX 1050,Nvidia,Windows,10,2.2kg,1920x1080  ------>  2.2kg,"1099,00"
445,Dell,Latitude 5480,Notebook,14.0,Full HD 1920x1080,Intel Core i5 7440HQ 2.8GHz,Intel,8,256GB SSD,SSD,Nvidia GeForce 930MX,Nvidia,Windows,10,1.64kg,1920x1080  ------>  1.64kg,"1179,00"
447,Dell,Precision 3520,Workstation,15.6,Full HD 1920x1080,Intel Xeon E3-1505M V6 3GHz,Intel,8,64GB Flash Storage +  1TB HDD,Flash,Nvidia Quadro M620,Nvidia,Windows,10,2.23kg,1920x1080  ------>  2.23kg,"1993,00"
448,MSI,GV62 7RD-1686NL,Gaming,15.6,Full HD 1920x1080,Intel Core i5 7300HQ 2.5GHz,Intel,8,256GB SSD,SSD,Nvidia GeForce GTX 1050,Nvidia,Windows,10,2.2kg,1920x1080  ------>  2.2kg,"1027,74"
451,Dell,Precision 3520,Workstation,15.6,IPS Panel Full HD 1920x1080,Intel Core i7 6820HQ 2.7GHz,Intel,16,256GB SSD,SSD,Nvidia Quadro M620,Nvidia,Windows,10,2.17kg,1920x1080  ------>  2.17kg,"1975,00"
456,Dell,Alienware 17,Notebook,17.3,IPS Panel Full HD 1920x1080,Intel Core i7 7700HQ 2.7GHz,Intel,8,1TB HDD,HDD,Nvidia GeForce GTX 1060,Nvidia,Windows,10,4.42kg,1920x1080  ------>  4.42kg,"2046,00"
460,Acer,Aspire E5-576G,Notebook,15.6,Full HD 1920x1080,Intel Core i3 6006U 2GHz,Intel,4,1TB HDD,HDD,Nvidia GeForce 940MX,Nvidia,Windows,10,2.23kg,1920x1080  ------>  2.23kg,"544,00"
464,Lenovo,Thinkpad P51,Notebook,15.6,Full HD 1920x1080,Intel Core i7 7820HQ 2.9GHz,Intel,8,256GB SSD,SSD,Nvidia Quadro M2200M,Nvidia,Windows,10,2.67kg,1920x1080  ------>  2.67kg,"2090,00"
466,Acer,Aspire 5,Notebook,15.6,1366x768,Intel Core i3 6006U 2GHz,Intel,4,500GB HDD,HDD,Nvidia GeForce GTX 940MX,Nvidia,Windows,10,2.2kg,1366x768  ------>  2.2kg,"469,00"
468,HP,Omen 17-an006nv,Gaming,17.3,IPS Panel Full HD 1920x1080,Intel Core i7 7700HQ 2.8GHz,Intel,12,1TB HDD,HDD,Nvidia GeForce GTX 1060,Nvidia,Windows,10,3.78kg,1920x1080  ------>  3.78kg,"1699,00"
476,Dell,Precision M5520,Workstation,15.6,Full HD 1920x1080,Intel Core i7 7700HQ 2.8GHz,Intel,8,256GB SSD,SSD,Nvidia Quadro M1200,Nvidia,Windows,10,1.78kg,1920x1080  ------>  1.78kg,"2408,00"
480,Dell,Inspiron 7570,Notebook,15.6,IPS Panel Full HD 1920x1080,Intel Core i7 8550U 1.8GHz,Intel,8,512GB SSD,SSD,Nvidia GeForce 940MX,Nvidia,Windows,10,2.16kg,1920x1080  ------>  2.16kg,"1262,00"
486,Dell,Precision 3520,Workstation,15.6,IPS Panel Full HD 1920x1080,Intel Core i7 6820HQ 2.7GHz,Intel,16,512GB SSD,SSD,Nvidia Quadro M620,Nvidia,Windows,10,2.17kg,1920x1080  ------>  2.17kg,"2338,00"
487,Dell,XPS 15,Notebook,15.6,Full HD 1920x1080,Intel Core i7 7700HQ 2.8GHz,Intel,16,512GB SSD,SSD,Nvidia GeForce GTX 1050,Nvidia,Windows,10,2.06kg,1920x1080  ------>  2.06kg,"1899,00"
490,Lenovo,Thinkpad E570,Notebook,15.6,IPS Panel Full HD 1920x1080,Intel Core i5 7200U 2.5GHz,Intel,8,256GB SSD,SSD,Nvidia GeForce 940MX,Nvidia,Windows,10,2.3kg,1920x1080  ------>  2.3kg,"1011,99"
492,Asus,VivoBook Pro,Gaming,15.6,Full HD 1920x1080,Intel Core i7 7700HQ 2.8GHz,Intel,8,128GB SSD +  1TB HDD,SSD,Nvidia GeForce GTX 1050,Nvidia,Windows,10,1.99kg,1920x1080  ------>  1.99kg,"1350,00"
494,Asus,Rog G752VL-UH71T,Gaming,17.3,IPS Panel Full HD / Touchscreen 1920x1080,Intel Core i7 6700HQ 2.6GHz,Intel,24,256GB SSD +  1TB HDD,SSD,Nvidia GeForce GTX 965M,Nvidia,Windows,10,4.33kg,1920x1080  ------>  4.33kg,"1269,00"
507,Acer,Aspire A515-51G-59QF,Notebook,15.6,IPS Panel Full HD 1920x1080,Intel Core i5 8250U 1.6GHz,Intel,4,1TB HDD,HDD,Nvidia GeForce MX150,Nvidia,Windows,10,2.2kg,1920x1080  ------>  2.2kg,"613,00"
509,Lenovo,Legion Y520-15IKBN,Gaming,15.6,IPS Panel Full HD 1920x1080,Intel Core i7 7700HQ 2.8GHz,Intel,8,256GB SSD +  1TB HDD,SSD,Nvidia GeForce GTX 1060,Nvidia,No OS,,2.4kg,1920x1080  ------>  2.4kg,"1149,00"
511,Acer,Aspire A515-51G,Notebook,15.6,Full HD 1920x1080,Intel Core i7 7500U 2.7GHz,Intel,4,500GB HDD,HDD,Nvidia GeForce 940MX,Nvidia,Windows,10,2.2kg,1920x1080  ------>  2.2kg,"639,00"
514,Xiaomi,Mi Notebook,Notebook,15.6,IPS Panel Full HD 1920x1080,Intel Core i7 8550U 1.8GHz,Intel,16,256GB SSD,SSD,Nvidia GeForce MX150,Nvidia,No OS,,1.95kg,1920x1080  ------>  1.95kg,"1399,95"
517,Asus,ROG Zephyrus,Gaming,15.6,Full HD 1920x1080,Intel Core i7 7700HQ 2.8GHz,Intel,24,512GB SSD,SSD,Nvidia GeForce GTX1080,Nvidia,Windows,10,2.24kg,1920x1080  ------>  2.24kg,"2968,00"
518,HP,Probook 450,Notebook,15.6,Full HD 1920x1080,Intel Core i5 7200U 2.5GHz,Intel,8,256GB SSD,SSD,Nvidia GeForce 930MX,Nvidia,Windows,10,2.04kg,1920x1080  ------>  2.04kg,"889,00"
519,Asus,FX753VE-GC155T (i7-7700HQ/16GB/1TB,Gaming,17.3,Full HD 1920x1080,Intel Core i7 7700HQ 2.8GHz,Intel,16,256GB SSD +  1TB HDD,SSD,Nvidia GeForce GTX1050 Ti,Nvidia,Windows,10,3kg,1920x1080  ------>  3kg,"1504,00"
520,Lenovo,Legion Y720-15IKB,Gaming,15.6,IPS Panel Full HD 1920x1080,Intel Core i7 7700HQ 2.8GHz,Intel,8,256GB SSD +  1TB HDD,SSD,Nvidia GeForce GTX 1060,Nvidia,Windows,10,3.2kg,1920x1080  ------>  3.2kg,"1399,00"
526,Lenovo,IdeaPad 320-15IKB,Notebook,15.6,Full HD 1920x1080,Intel Core i7 7500U 2.7GHz,Intel,4,1TB HDD,HDD,Nvidia GeForce 920MX,Nvidia,Windows,10,2.2kg,1920x1080  ------>  2.2kg,"799,00"
527,Lenovo,IdeaPad 320-15ISK,Notebook,15.6,1366x768,Intel Core i3 6006U 2GHz,Intel,8,2TB HDD,HDD,Nvidia GeForce 920MX ,Nvidia,No OS,,2.2kg,1366x768  ------>  2.2kg,"459,00"
530,Dell,Alienware 17,Gaming,17.3,IPS Panel Full HD 1920x1080,Intel Core i7 7700HQ 2.8GHz,Intel,16,128GB SSD +  1TB HDD,SSD,Nvidia GeForce GTX 1070,Nvidia,Windows,10,4.42kg,1920x1080  ------>  4.42kg,"3012,77"
532,Asus,Zenbook UX510UW-FI095T,Notebook,15.6,IPS Panel 4K Ultra HD 3840x2160,Intel Core i7 7500U 2.7GHz,Intel,8,256GB SSD +  1TB HDD,SSD,Nvidia GeForce GTX 960M,Nvidia,Windows,10,2kg,3840x2160  ------>  2kg,"1299,00"
534,Asus,ROG Strix,Gaming,15.6,IPS Panel Full HD 1920x1080,Intel Core i5 7300HQ 2.5GHz,Intel,8,128GB SSD +  1TB HDD,SSD,Nvidia GeForce GTX 1060,Nvidia,Windows,10,2.3kg,1920x1080  ------>  2.3kg,"1649,00"
535,Dell,Latitude 5580,Notebook,15.6,Full HD 1920x1080,Intel Core i7 7600U 2.8GHz,Intel,8,256GB SSD,SSD,Nvidia GeForce 930MX,Nvidia,Windows,10,1.93kg,1920x1080  ------>  1.93kg,"1369,00"
538,HP,Omen 15-ce006nv,Gaming,17.3,Full HD 1920x1080,Intel Core i7 7700HQ 2.8GHz,Intel,12,1TB HDD,HDD,Nvidia GeForce GTX 1060,Nvidia,Windows,10,2.62kg,1920x1080  ------>  2.62kg,"1799,00"
539,Lenovo,Thinkpad E470,Notebook,14.0,IPS Panel Full HD 1920x1080,Intel Core i7 7500U 2.7GHz,Intel,8,256GB SSD,SSD,Nvidia GeForce 940MX,Nvidia,Windows,10,1.87kg,1920x1080  ------>  1.87kg,"859,00"
543,Acer,Aspire 7,Gaming,15.6,Full HD 1920x1080,Intel Core i5 7300HQ 2.5GHz,Intel,8,1TB HDD,HDD,Nvidia GeForce GTX 1050,Nvidia,Linux,,2.4kg,1920x1080  ------>  2.4kg,"798,00"
552,Dell,Alienware 17,Gaming,17.3,IPS Panel Full HD 1920x1080,Intel Core i7 7700HQ 2.8GHz,Intel,16,256GB SSD +  1TB HDD,SSD,Nvidia GeForce GTX 1070,Nvidia,Windows,10,4.42kg,1920x1080  ------>  4.42kg,"2699,00"
554,HP,ProBook 470,Notebook,17.3,Full HD 1920x1080,Intel Core i7 7500U 2.7GHz,Intel,8,1TB HDD,HDD,Nvidia GeForce 930MX,Nvidia,Windows,10,2.63kg,1920x1080  ------>  2.63kg,"1280,00"
557,Lenovo,IdeaPad 320-17IKB,Notebook,17.3,1600x900,Intel Core i7 7500U 2.7GHz,Intel,6,128GB SSD +  1TB HDD,SSD,Nvidia GeForce 940MX,Nvidia,Windows,10,2.8kg,1600x900  ------>  2.8kg,"949,00"
563,Lenovo,Thinkpad P71,Notebook,17.3,IPS Panel Full HD 1920x1080,Intel Core i7 7700HQ 2.8GHz,Intel,8,256GB SSD,SSD,Nvidia Quadro M620M,Nvidia,Windows,10,3.4kg,1920x1080  ------>  3.4kg,"2999,00"
564,Asus,FX553VD-DM627T (i5-7300HQ/8GB/1TB,Notebook,15.6,Full HD 1920x1080,Intel Core i5 7300HQ 2.5GHz,Intel,8,128GB SSD +  1TB HDD,SSD,Nvidia GeForce GTX 1050,Nvidia,Windows,10,2.5kg,1920x1080  ------>  2.5kg,"839,00"
570,HP,ZBook 17,Workstation,17.3,1600x900,Intel Core i5 7440HQ 2.8GHz,Intel,8,500GB HDD,HDD,Nvidia Quadro M1200,Nvidia,Windows,10,3.14kg,1600x900  ------>  3.14kg,"1860,99"
577,Lenovo,IdeaPad Y910-17ISK,Gaming,17.3,IPS Panel Full HD 1920x1080,Intel Core i7 6820HK 2.7GHz,Intel,32,256GB SSD +  1TB HDD,SSD,Nvidia GeForce GTX 1070,Nvidia,Windows,10,4.6kg,1920x1080  ------>  4.6kg,"2663,00"
578,MSI,GT73VR Titan,Gaming,17.3,Full HD 1920x1080,Intel Core i7 7820HK 2.9GHz,Intel,16,512GB SSD +  1TB HDD,SSD,Nvidia GeForce GTX 1070,Nvidia,Windows,10,4.14kg,1920x1080  ------>  4.14kg,"2729,00"
583,Dell,Latitude 5580,Notebook,15.6,Full HD 1920x1080,Intel Core i7 7600U 2.8GHz,Intel,16,256GB SSD,SSD,Nvidia GeForce 930MX,Nvidia,Windows,10,1.93kg,1920x1080  ------>  1.93kg,"1537,39"
585,MSI,GT80S 6QE,Gaming,17.3,Full HD 1920x1080,Intel Core i7 6820HK 2.7GHz,Intel,16,128GB SSD +  1TB HDD,SSD,Nvidia GeForce GTX 980M,Nvidia,Windows,10,4.5kg,1920x1080  ------>  4.5kg,"2349,00"
586,HP,Omen 17-AN010nv,Gaming,17.3,IPS Panel Full HD 1920x1080,Intel Core i7 7700HQ 2.8GHz,Intel,16,256GB SSD +  1TB HDD,SSD,Nvidia GeForce GTX 1050,Nvidia,Windows,10,3.78kg,1920x1080  ------>  3.78kg,"1498,00"
589,Asus,ROG Strix,Gaming,17.3,IPS Panel Full HD 1920x1080,Intel Core i5 7300HQ 2.5GHz,Intel,8,128GB SSD +  1TB HDD,SSD,Nvidia GeForce GTX 1060,Nvidia,Windows,10,2.73kg,1920x1080  ------>  2.73kg,"1770,00"
593,Samsung,Notebook Odyssey,Notebook,15.6,Full HD 1920x1080,Intel Core i7 7700HQ 2.8GHz,Intel,16,128GB SSD +  1TB HDD,SSD,Nvidia GeForce GTX 1050,Nvidia,Windows,10,2.5kg,1920x1080  ------>  2.5kg,"1699,00"
599,Dell,Precision 3520,Workstation,15.6,Full HD / Touchscreen 1920x1080,Intel Core i7 7700HQ 2.8GHz,Intel,8,256GB SSD,SSD,Nvidia Quadro M620,Nvidia,Windows,10,2.06kg,1920x1080  ------>  2.06kg,"1763,00"
603,MSI,Laptop MSI,Gaming,17.3,Full HD 1920x1080,Intel Core i7 6820HK 2.7GHz,Intel,16,128GB SSD +  1TB HDD,SSD,Nvidia GeForce GTX 970M,Nvidia,Windows,10,4.14kg,1920x1080  ------>  4.14kg,"2199,00"
605,MSI,GS63VR 7RF,Gaming,15.6,4K Ultra HD 3840x2160,Intel Core i7 7700HQ 2.8GHz,Intel,16,256GB SSD +  2TB HDD,SSD,Nvidia GeForce GTX 1060,Nvidia,Windows,10,1.8kg,3840x2160  ------>  1.8kg,"2299,00"
610,Lenovo,Thinkpad P51,Notebook,15.6,IPS Panel 4K Ultra HD 3840x2160,Intel Xeon E3-1535M v6 3.1GHz,Intel,32,1TB SSD,SSD,Nvidia Quadro M2200M,Nvidia,Windows,10,2.5kg,3840x2160  ------>  2.5kg,"4899,00"
611,Dell,Inspiron 7559,Gaming,15.6,Full HD 1920x1080,Intel Core i7 6700HQ 2.6GHz,Intel,16,1TB HDD,HDD,Nvidia GeForce GTX 960<U+039C>,Nvidia,Windows,10,2.59kg,1920x1080  ------>  2.59kg,"879,01"
615,Asus,FX753VD-GC007T (i7-7700HQ/8GB/1TB,Gaming,17.3,Full HD 1920x1080,Intel Core i7 7700HQ 2.8GHz,Intel,8,128GB SSD +  1TB HDD,SSD,Nvidia GeForce GTX 1050,Nvidia,Windows,10,3kg,1920x1080  ------>  3kg,"1168,00"
618,MSI,GT62VR 7RE,Gaming,15.6,Full HD 1920x1080,Intel Core i7 7700HQ 2.8GHz,Intel,16,256GB SSD +  1TB HDD,SSD,Nvidia GeForce GTX 1070,Nvidia,Windows,10,2.94kg,1920x1080  ------>  2.94kg,"2267,86"
625,Lenovo,IdeaPad 320-15IKB,Notebook,15.6,Full HD 1920x1080,Intel Core i7 7500U 2.7GHz,Intel,8,1TB HDD,HDD,Nvidia GeForce 920MX,Nvidia,Windows,10,2.2kg,1920x1080  ------>  2.2kg,"899,00"
629,Dell,XPS 15,Notebook,15.6,Full HD 1920x1080,Intel Core i7 7700HQ 2.8GHz,Intel,8,256GB SSD,SSD,Nvidia GeForce GTX 1050,Nvidia,Windows,10,2kg,1920x1080  ------>  2kg,"1820,00"
631,Dell,Inspiron 7567,Gaming,15.6,Full HD 1920x1080,Intel Core i7 7700HQ 2.8GHz,Intel,16,256GB SSD +  1TB HDD,SSD,Nvidia GeForce GTX 1050 Ti,Nvidia,Windows,10,2.62kg,1920x1080  ------>  2.62kg,"1479,00"
633,Lenovo,Ideapad 320-15ISK,Notebook,15.6,Full HD 1920x1080,Intel Core i3 6006U 2GHz,Intel,4,1TB HDD,HDD,Nvidia GeForce 920MX ,Nvidia,Windows,10,2.2kg,1920x1080  ------>  2.2kg,"579,00"
635,Asus,VivoBook Pro,Notebook,15.6,Full HD 1920x1080,Intel Core i5 7300HQ 2.5GHz,Intel,8,1TB HDD,HDD,Nvidia GeForce GTX 1050,Nvidia,Windows,10,1.99kg,1920x1080  ------>  1.99kg,"906,62"
639,Dell,XPS 15,Notebook,15.6,4K Ultra HD / Touchscreen 3840x2160,Intel Core i7 7700HQ 2.8GHz,Intel,16,1TB SSD,SSD,Nvidia GeForce GTX 1050,Nvidia,Windows,10,2.06kg,3840x2160  ------>  2.06kg,"2399,00"
640,Lenovo,Legion Y520-15IKBN,Gaming,15.6,IPS Panel Full HD 1920x1080,Intel Core i7 7700HQ 2.8GHz,Intel,8,128GB SSD +  1TB HDD,SSD,Nvidia GeForce GTX 1050M,Nvidia,Windows,10,2.5kg,1920x1080  ------>  2.5kg,"1109,00"
643,Asus,ROG GL553VE-FY022,Gaming,15.6,IPS Panel Full HD 1920x1080,Intel Core i7 7700HQ 2.8GHz,Intel,8,1TB HDD,HDD,Nvidia GeForce GTX 1050 Ti,Nvidia,No OS,,2.5kg,1920x1080  ------>  2.5kg,"1169,00"
647,Razer,Blade Pro,Gaming,14.0,Full HD 1920x1080,Intel Core i7 7700HQ 2.8GHz,Intel,16,256GB SSD,SSD,Nvidia GeForce GTX 1060,Nvidia,Windows,10,1.95kg,1920x1080  ------>  1.95kg,"2599,00"
650,Asus,ROG G701VI,Gaming,17.3,IPS Panel Full HD 1920x1080,Intel Core i7 6820HK 2.7GHz,Intel,32,512GB SSD,SSD,Nvidia GeForce GTX 1080,Nvidia,Windows,10,3.8kg,1920x1080  ------>  3.8kg,"2799,00"
651,Acer,A715-71G-59DH (i5-7300HQ/8GB/1TB/GeForce,Gaming,15.6,Full HD 1920x1080,Intel Core i5 7300HQ 2.5GHz,Intel,8,1TB HDD,HDD,Nvidia GeForce GTX 1050,Nvidia,Linux,,2.4kg,1920x1080  ------>  2.4kg,"709,00"
653,MSI,GL62M 7REX,Gaming,15.6,Full HD 1920x1080,Intel Core i7 7700HQ 2.8GHz,Intel,8,128GB SSD +  1TB HDD,SSD,Nvidia GeForce GTX 1050 Ti,Nvidia,Windows,10,2.2kg,1920x1080  ------>  2.2kg,"1191,80"
658,Lenovo,IdeaPad Y700-15ISK,Gaming,15.6,IPS Panel Full HD 1920x1080,Intel Core i7 6700HQ 2.6GHz,Intel,8,128GB SSD +  1TB HDD,SSD,Nvidia GeForce GTX 960,Nvidia,Windows,10,3.31kg,1920x1080  ------>  3.31kg,"1196,00"
659,Dell,Alienware 17,Gaming,17.3,IPS Panel 4K Ultra HD 3840x2160,Intel Core i7 7700HQ 2.8GHz,Intel,32,512GB SSD +  1TB HDD,SSD,Nvidia GeForce GTX 1070,Nvidia,Windows,10,4.42kg,3840x2160  ------>  4.42kg,"3147,37"
664,MSI,GP72VR Leopard,Gaming,17.3,Full HD 1920x1080,Intel Core i7 7700HQ 2.8GHz,Intel,8,128GB SSD +  1TB HDD,SSD,Nvidia GeForce GTX 1060,Nvidia,Windows,10,2.7kg,1920x1080  ------>  2.7kg,"1486,77"
674,HP,Pavilion X360,2 in 1 Convertible,14.0,IPS Panel Full HD / Touchscreen 1920x1080,Intel Core i3 7100U 2.4GHz,Intel,4,128GB SSD,SSD,Nvidia GeForce 940MX,Nvidia,Windows,10,1.63kg,1920x1080  ------>  1.63kg,"699,00"
675,MSI,GP62 7RDX,Gaming,15.6,Full HD 1920x1080,Intel Core i7 7700HQ 2.8GHz,Intel,16,256GB SSD +  1TB HDD,SSD,Nvidia GeForce GTX 1050,Nvidia,Windows,10,2.4kg,1920x1080  ------>  2.4kg,"1294,00"
679,Acer,Aspire VX5-591G,Gaming,15.6,Full HD 1920x1080,Intel Core i5 7300HQ 2.5GHz,Intel,16,256GB SSD,SSD,Nvidia GeForce GTX 1050 Ti,Nvidia,Windows,10,2.5kg,1920x1080  ------>  2.5kg,"1299,00"
680,MSI,GV62M 7RD,Gaming,15.6,Full HD 1920x1080,Intel Core i5 7300HQ 2.5GHz,Intel,8,256GB SSD,SSD,Nvidia GeForce GTX 1050,Nvidia,Windows,10,2.2kg,1920x1080  ------>  2.2kg,"997,90"
682,Dell,Alienware 15,Gaming,15.6,Full HD 1920x1080,Intel Core i5 7300HQ 2.5GHz,Intel,16,128GB SSD +  1TB HDD,SSD,Nvidia GeForce GTX 1060,Nvidia,Windows,10,3.21kg,1920x1080  ------>  3.21kg,"2051,00"
685,Dell,Alienware 15,Gaming,15.6,Full HD 1920x1080,Intel Core i7 7820HK 2.9GHz,Intel,16,256GB SSD +  1TB HDD,SSD,Nvidia GeForce GTX 1070,Nvidia,Windows,10,3.49kg,1920x1080  ------>  3.49kg,"2813,75"
692,HP,ZBook 17,Workstation,17.3,Full HD 1920x1080,Intel Core i7 7700HQ 2.8GHz,Intel,8,500GB HDD,HDD,Nvidia Quadro M1200,Nvidia,Windows,10,3.14kg,1920x1080  ------>  3.14kg,"1907,99"
700,Dell,Inspiron 5577,Gaming,15.6,Full HD 1920x1080,Intel Core i5 7300HQ 2.5GHz,Intel,8,1TB HDD,HDD,Nvidia GeForce GTX 1050,Nvidia,Windows,10,2.56kg,1920x1080  ------>  2.56kg,"819,00"
707,Lenovo,ThinkPad P51s,Workstation,15.6,Full HD 1920x1080,Intel Core i7 6500U 2.5GHz,Intel,16,512GB SSD,SSD,Nvidia Quadro M520M,Nvidia,Windows,7,2.18kg,1920x1080  ------>  2.18kg,"1855,00"
710,Lenovo,Legion Y520-15IKBN,Gaming,15.6,IPS Panel Full HD 1920x1080,Intel Core i7 7700HQ 2.8GHz,Intel,8,128GB SSD +  1TB HDD,SSD,Nvidia GeForce GTX 1050 Ti,Nvidia,Windows,10,2.5kg,1920x1080  ------>  2.5kg,"1249,00"
711,Dell,Latitude 5480,Notebook,14.0,Full HD 1920x1080,Intel Core i5 7440HQ 2.8GHz,Intel,8,256GB SSD,SSD,Nvidia GeForce 930MX,Nvidia,Linux,,1.64kg,1920x1080  ------>  1.64kg,"1089,00"
715,Lenovo,Thinkpad E470,Notebook,14.0,IPS Panel Full HD 1920x1080,Intel Core i5 7200U 2.5GHz,Intel,8,256GB SSD,SSD,Nvidia GeForce 920MX,Nvidia,Windows,10,1.87kg,1920x1080  ------>  1.87kg,"857,07"
719,HP,ProBook 470,Notebook,17.3,Full HD 1920x1080,Intel Core i7 7500U 2.7GHz,Intel,8,256GB SSD,SSD,Nvidia GeForce 930MX,Nvidia,Windows,10,2.63kg,1920x1080  ------>  2.63kg,"1200,00"
723,Dell,Alienware 17,Gaming,17.3,4K Ultra HD 3840x2160,Intel Core i7 7700HQ 2.8GHz,Intel,32,1TB SSD +  1TB HDD,SSD,Nvidia GeForce GTX 1070,Nvidia,Windows,10,4.36kg,3840x2160  ------>  4.36kg,"3659,40"
724,MSI,GL72M 7REX,Gaming,17.3,Full HD 1920x1080,Intel Core i7 7700HQ 2.8GHz,Intel,8,128GB SSD +  1TB HDD,SSD,Nvidia GeForce GTX 1050 Ti,Nvidia,Windows,10,2.7kg,1920x1080  ------>  2.7kg,"1348,48"
730,Acer,Predator 17,Gaming,17.3,IPS Panel Full HD 1920x1080,Intel Core i7 6700HQ 2.6GHz,Intel,16,128GB SSD +  1TB HDD,SSD,Nvidia GeForce GTX 1060,Nvidia,Windows,10,4.2kg,1920x1080  ------>  4.2kg,"1935,00"
736,HP,ZBook 15,Workstation,15.6,Full HD 1920x1080,Intel Core i7 7700HQ 2.8GHz,Intel,16,256GB SSD,SSD,Nvidia Quadro M2200,Nvidia,Windows,10,2.6kg,1920x1080  ------>  2.6kg,"2419,00"
738,MSI,GS63VR 7RF,Gaming,15.6,Full HD 1920x1080,Intel Core i7 7700HQ 2.8GHz,Intel,16,256GB SSD +  1TB HDD,SSD,Nvidia GeForce GTX 1060,Nvidia,Windows,10,1.8kg,1920x1080  ------>  1.8kg,"2094,48"
740,Dell,Inspiron 7560,Notebook,15.6,Full HD 1920x1080,Intel Core i7 7500U 2.7GHz,Intel,8,128GB SSD +  1TB HDD,SSD,Nvidia GeForce 940MX,Nvidia,Windows,10,2.0kg,1920x1080  ------>  2.0kg,"1207,00"
744,Lenovo,Thinkpad P51s,Workstation,15.6,IPS Panel 4K Ultra HD 3840x2160,Intel Core i7 7600U 2.8GHz,Intel,16,1TB SSD,SSD,Nvidia Quadro M520M,Nvidia,Windows,10,2.5kg,3840x2160  ------>  2.5kg,"3299,00"
749,HP,Zbook 17,Workstation,17.3,IPS Panel Full HD 1920x1080,Intel Xeon E3-1535M v5 2.9GHz,Intel,16,256GB SSD,SSD,Nvidia Quadro M2000M,Nvidia,Windows,7,3kg,1920x1080  ------>  3kg,"4389,00"
752,Asus,X550VX-XX015D (i5-6300HQ/4GB/1TB/GeForce,Notebook,15.6,1366x768,Intel Core i5 6300HQ 2.3GHz,Intel,4,1TB HDD,HDD,Nvidia GeForce GTX 950M,Nvidia,No OS,,2.45kg,1366x768  ------>  2.45kg,"579,00"
756,HP,15-cb003na (i5-7300HQ/8GB/1TB,Notebook,15.6,IPS Panel Full HD 1920x1080,Intel Core i5 7300HQ 2.5GHz,Intel,8,128GB SSD +  1TB HDD,SSD,Nvidia GeForce GTX 1050,Nvidia,Windows,10,2.2kg,1920x1080  ------>  2.2kg,"1099,00"
757,HP,ZBook 15,Workstation,15.6,Full HD 1920x1080,Intel Core i7 6700HQ 2.6GHz,Intel,8,256GB SSD,SSD,Nvidia Quadro M1000M,Nvidia,Windows,7,2.59kg,1920x1080  ------>  2.59kg,"1561,00"
758,Dell,Alienware 17,Gaming,15.6,IPS Panel 4K Ultra HD 3840x2160,Intel Core i7 7700HQ 2.8GHz,Intel,16,256GB SSD +  1TB HDD,SSD,Nvidia GeForce GTX 1070,Nvidia,Windows,10,4.42kg,3840x2160  ------>  4.42kg,"2868,99"
760,Lenovo,Legion Y520-15IKBN,Gaming,15.6,IPS Panel Full HD 1920x1080,Intel Core i7 7700HQ 2.8GHz,Intel,8,128GB SSD +  1TB HDD,SSD,Nvidia GeForce GTX 1050,Nvidia,Windows,10,2.5kg,1920x1080  ------>  2.5kg,"1048,00"
766,Asus,X751NV-TY001 (N4200/4GB/1TB/GeForce,Notebook,17.3,1366x768,Intel Pentium Quad Core N4200 1.1GHz,Intel,4,1TB HDD,HDD,Nvidia GeForce 920MX,Nvidia,Windows,10,2.8kg,1366x768  ------>  2.8kg,"470,34"
767,Dell,Inspiron 7559,Gaming,15.6,IPS Panel Touchscreen / 4K Ultra HD 3840x2160,Intel Core i7 6700HQ 2.6GHz,Intel,16,128GB SSD +  1TB HDD,SSD,Nvidia GeForce GTX 960M,Nvidia,Windows,10,2.72kg,3840x2160  ------>  2.72kg,"1099,00"
773,Dell,Inspiron 7567,Gaming,15.6,Full HD 1920x1080,Intel Core i7 7700HQ 2.8GHz,Intel,8,1TB HDD,HDD,Nvidia GeForce GTX 1050,Nvidia,Windows,10,2.62kg,1920x1080  ------>  2.62kg,"1099,00"
775,Asus,Q524UQ-BHI7T15 (i7-7500U/12GB/2TB/GeForce,2 in 1 Convertible,15.6,Full HD / Touchscreen 1920x1080,Intel Core i7 7500U 2.7GHz,Intel,12,2TB HDD,HDD,Nvidia GeForce 940MX,Nvidia,Windows,10,2.3kg,1920x1080  ------>  2.3kg,"839,00"
776,Lenovo,Thinkpad P50,Notebook,15.6,4K Ultra HD 3840x2160,Intel Core i7 6820HQ 2.7GHz,Intel,16,512GB SSD,SSD,Nvidia Quadro M2000M,Nvidia,Windows,7,2.5kg,3840x2160  ------>  2.5kg,"2370,00"
778,Razer,Blade Pro,Gaming,14.0,Full HD 1920x1080,Intel Core i7 7700HQ 2.8GHz,Intel,16,512GB SSD,SSD,Nvidia GeForce GTX 1060,Nvidia,Windows,10,1.95kg,1920x1080  ------>  1.95kg,"2899,00"
780,Dell,Alienware 17,Gaming,17.3,IPS Panel Full HD 1920x1080,Intel Core i7 7700HQ 2.8GHz,Intel,32,1TB SSD +  1TB HDD,SSD,Nvidia GeForce GTX 1070M,Nvidia,Windows,10,4.42kg,1920x1080  ------>  4.42kg,"3588,80"
781,Asus,Rog G752VS-BA171T,Gaming,17.3,IPS Panel Full HD 1920x1080,Intel Core i7 6700HQ 2.6GHz,Intel,16,256GB SSD +  1TB HDD,SSD,Nvidia GeForce GTX 1070,Nvidia,Windows,10,4.3kg,1920x1080  ------>  4.3kg,"2350,00"
782,Toshiba,Tecra Z40-C-161,Ultrabook,14.0,IPS Panel Full HD 1920x1080,Intel Core i7 6600U 2.6GHz,Intel,16,512GB SSD,SSD,Nvidia GeForce 930M,Nvidia,Windows,10,1.47kg,1920x1080  ------>  1.47kg,"1764,00"
785,MSI,GS43VR 7RE,Gaming,14.0,IPS Panel Full HD 1920x1080,Intel Core i7 7700HQ 2.8GHz,Intel,16,256GB SSD +  1TB HDD,SSD,Nvidia GeForce GTX 1060,Nvidia,Windows,10,1.6kg,1920x1080  ------>  1.6kg,"1891,00"
786,MSI,GL62M (i5-7300HQ/8GB/1TB,Gaming,15.6,Full HD 1920x1080,Intel Core i5 7300HQ 2.5GHz,Intel,8,128GB SSD +  1TB HDD,SSD,Nvidia GeForce GTX 1050,Nvidia,Windows,10,2.2kg,1920x1080  ------>  2.2kg,"1089,00"
787,Lenovo,Legion Y520-15IKBN,Gaming,15.6,IPS Panel Full HD 1920x1080,Intel Core i7 7700HQ 2.8GHz,Intel,4,1TB HDD,HDD,Nvidia GeForce GTX 1050,Nvidia,Windows,10,2.4kg,1920x1080  ------>  2.4kg,"999,00"
788,Acer,Predator G9-793,Gaming,17.3,IPS Panel Full HD 1920x1080,Intel Core i7 7700HQ 2.8GHz,Intel,16,256GB SSD +  1TB HDD,SSD,Nvidia GeForce GTX 1060,Nvidia,Windows,10,4.2kg,1920x1080  ------>  4.2kg,"2299,00"
789,Dell,Inspiron 7567,Gaming,15.6,Full HD 1920x1080,Intel Core i5 7300HQ 2.5GHz,Intel,8,256GB SSD,SSD,Nvidia GeForce GTX 1050,Nvidia,Windows,10,2.62kg,1920x1080  ------>  2.62kg,"985,00"
790,Asus,FX502VM-DM560T (i7-7700HQ/8GB/1TB,Gaming,15.6,Full HD 1920x1080,Intel Core i7 7700HQ 2.8GHz,Intel,8,128GB SSD +  1TB HDD,SSD,Nvidia GeForce GTX1060,Nvidia,Windows,10,2.24kg,1920x1080  ------>  2.24kg,"1339,00"
800,HP,ZBook 17,Workstation,15.6,Full HD 1920x1080,Intel Core i7 7700HQ 2.8GHz,Intel,8,256GB SSD,SSD,Nvidia Quadro M2200,Nvidia,Windows,10,3.14kg,1920x1080  ------>  3.14kg,"2064,90"
803,Dell,XPS 15,Notebook,15.6,4K Ultra HD / Touchscreen 3840x2160,Intel Core i5 7300HQ 2.5GHz,Intel,8,256GB SSD,SSD,Nvidia GeForce GTX 1050,Nvidia,Windows,10,2.06kg,3840x2160  ------>  2.06kg,"1749,00"
808,Dell,Inspiron 7567,Gaming,15.6,4K Ultra HD 3840x2160,Intel Core i7 7700HQ 2.8GHz,Intel,16,512GB SSD,SSD,Nvidia GeForce GTX 1050 Ti,Nvidia,Windows,10,2.62kg,3840x2160  ------>  2.62kg,"1679,00"
809,Lenovo,IdeaPad 310-15IKB,Notebook,15.6,Full HD 1920x1080,Intel Core i5 7200U 2.5GHz,Intel,4,1TB HDD,HDD,Nvidia GeForce 920M,Nvidia,Windows,10,2.4kg,1920x1080  ------>  2.4kg,"609,00"
811,MSI,GE72MVR 7RG,Gaming,17.3,Full HD 1920x1080,Intel Core i7 7700HQ 2.8GHz,Intel,16,512GB SSD +  1TB HDD,SSD,Nvidia GeForce GTX 1070,Nvidia,Windows,10,2.9kg,1920x1080  ------>  2.9kg,"2415,00"
813,Dell,Vostro 5568,Notebook,15.6,Full HD 1920x1080,Intel Core i7 7500U 2.7GHz,Intel,8,1TB HDD,HDD,Nvidia GeForce GT 940MX,Nvidia,Windows,10,1.98kg,1920x1080  ------>  1.98kg,"961,00"
818,Dell,Alienware 17,Gaming,17.3,IPS Panel Full HD 1920x1080,Intel Core i7 7700HQ 2.8GHz,Intel,16,128GB SSD +  1TB HDD,SSD,Nvidia GeForce GTX 1060,Nvidia,Windows,10,4.36kg,1920x1080  ------>  4.36kg,"2505,02"
823,MSI,GL62M 7RD,Gaming,15.6,Full HD 1920x1080,Intel Core i5 7300HQ 2.5GHz,Intel,8,256GB SSD,SSD,Nvidia GeForce GTX 1050,Nvidia,Windows,10,2.4kg,1920x1080  ------>  2.4kg,"1199,00"
830,Razer,Blade Pro,Gaming,17.3,4K Ultra HD / Touchscreen 3840x2160,Intel Core i7 7820HK 2.9GHz,Intel,32,512GB SSD,SSD,Nvidia GeForce GTX 1080,Nvidia,Windows,10,3.49kg,3840x2160  ------>  3.49kg,"5499,00"
832,Asus,VivoBook Max,Notebook,15.6,Full HD 1920x1080,Intel Core i5 7200U 2.5GHz,Intel,4,1TB HDD,HDD,Nvidia GeForce 920,Nvidia,Linux,,2.1kg,1920x1080  ------>  2.1kg,"519,00"
835,Dell,Alienware 15,Gaming,15.6,Full HD 1920x1080,Intel Core i7 7700HQ 2.8GHz,Intel,16,256GB SSD +  1TB HDD,SSD,Nvidia GeForce GTX 1070,Nvidia,Windows,10,3.21kg,1920x1080  ------>  3.21kg,"2774,63"
836,Asus,Rog GL702VS-BA023T,Gaming,17.3,Full HD 1920x1080,Intel Core i7 7700HQ 2.8GHz,Intel,16,256GB SSD +  1TB HDD,SSD,Nvidia GeForce GTX 1070,Nvidia,Windows,10,2.9kg,1920x1080  ------>  2.9kg,"2419,00"
840,Asus,Rog GL702VM-GC017T,Gaming,17.3,Full HD 1920x1080,Intel Core i7 6700HQ 2.6GHz,Intel,16,512GB SSD +  1TB HDD,SSD,Nvidia GeForce GTX 1060,Nvidia,Windows,10,2.73kg,1920x1080  ------>  2.73kg,"1799,00"
841,Dell,Alienware 17,Gaming,17.3,IPS Panel Full HD 1920x1080,Intel Core i7 7700HQ 2.8GHz,Intel,32,512GB SSD +  1TB HDD,SSD,Nvidia GeForce GTX 1070,Nvidia,Windows,10,4.42kg,1920x1080  ------>  4.42kg,"3072,89"
842,HP,ProBook 470,Notebook,17.3,1600x900,Intel Core i5 7200U 2.5GHz,Intel,8,1TB HDD,HDD,Nvidia GeForce 930MX,Nvidia,Windows,10,2.63kg,1600x900  ------>  2.63kg,"910,00"
847,Asus,ZenBook UX310UQ-GL026T,Ultrabook,13.3,IPS Panel Full HD 1920x1080,Intel Core i5 6200U 2.3GHz,Intel,8,512GB SSD,SSD,Nvidia GeForce 940M,Nvidia,Windows,10,1.45kg,1920x1080  ------>  1.45kg,"1026,00"
851,Asus,Rog GL502VM-DS74,Gaming,15.6,Full HD 1920x1080,Intel Core i7 7700HQ 2.8GHz,Intel,16,128GB SSD +  1TB HDD,SSD,Nvidia GeForce GTX 1060,Nvidia,Windows,10,2.1kg,1920x1080  ------>  2.1kg,"1899,00"
853,Lenovo,ThinkPad T470p,Ultrabook,14.0,IPS Panel Full HD 1920x1080,Intel Core i7 7700HQ 2.8GHz,Intel,8,256GB SSD,SSD,Nvidia GeForce GT 940MX,Nvidia,Windows,10,1.96kg,1920x1080  ------>  1.96kg,"1903,00"
854,Asus,K556UR-DM621T (i7-7500U/8GB/256GB/GeForce,Notebook,15.6,IPS Panel Full HD 1920x1080,Intel Core i7 7500U 2.7GHz,Intel,8,256GB SSD,SSD,Nvidia GeForce GTX 930MX,Nvidia,Windows,10,2.3kg,1920x1080  ------>  2.3kg,"787,00"
863,Lenovo,Legion Y520-15IKBN,Gaming,15.6,IPS Panel Full HD 1920x1080,Intel Core i5 7300HQ 2.5GHz,Intel,8,1TB HDD,HDD,Nvidia GeForce GTX 1050,Nvidia,No OS,,2.5kg,1920x1080  ------>  2.5kg,"1017,00"
869,Dell,Precision 3520,Workstation,15.6,Full HD 1920x1080,Intel Core i7 7700HQ 2.8GHz,Intel,8,1TB HDD,HDD,Nvidia Quadro M620,Nvidia,Windows,10,2.23kg,1920x1080  ------>  2.23kg,"1778,00"
874,Samsung,Notebook 9,Ultrabook,15.0,Full HD 1920x1080,Intel Core i7 7500U 2.7GHz,Intel,16,256GB SSD,SSD,Nvidia GeForce 940MX,Nvidia,Windows,10,1.23kg,1920x1080  ------>  1.23kg,"1849,00"
877,Xiaomi,Mi Notebook,Ultrabook,13.3,IPS Panel Full HD 1920x1080,Intel Core i5 6200U 2.3GHz,Intel,8,256GB SSD,SSD,Nvidia GeForce 940MX,Nvidia,Windows,10,1.28kg,1920x1080  ------>  1.28kg,"935,00"
878,Dell,Vostro 5568,Notebook,15.6,Full HD 1920x1080,Intel Core i5 7200U 2.5GHz,Intel,4,128GB SSD +  1TB HDD,SSD,Nvidia GeForce 940MX,Nvidia,Windows,10,2.18kg,1920x1080  ------>  2.18kg,"912,50"
883,Lenovo,IdeaPad 510-15ISK,Notebook,15.6,IPS Panel Full HD 1920x1080,Intel Core i7 6500U 2.5GHz,Intel,8,1TB HDD,HDD,Nvidia GeForce 940MX,Nvidia,Windows,10,2.2kg,1920x1080  ------>  2.2kg,"669,00"
887,Asus,Rog GL753VD-GC082T,Gaming,17.3,Full HD 1920x1080,Intel Core i5 7300HQ 2.5GHz,Intel,12,128GB SSD +  1TB HDD,SSD,Nvidia GeForce GTX 1050,Nvidia,Windows,10,2.2kg,1920x1080  ------>  2.2kg,"1369,90"
894,MSI,GS73VR Stealth,Gaming,17.3,IPS Panel 4K Ultra HD 3840x2160,Intel Core i7 6700HQ 2.6GHz,Intel,16,512GB SSD +  2TB HDD,SSD,Nvidia GeForce GTX 1060,Nvidia,Windows,10,2.43kg,3840x2160  ------>  2.43kg,"2649,00"
896,Dell,Inspiron 7567,Gaming,15.6,Full HD 1920x1080,Intel Core i7 7700HQ 2.8GHz,Intel,8,1TB HDD,HDD,Nvidia GeForce GTX 1050Ti,Nvidia,Linux,,2.62kg,1920x1080  ------>  2.62kg,"929,00"
897,HP,ProBook 450,Notebook,15.6,Full HD 1920x1080,Intel Core i7 7500U 2.7GHz,Intel,8,1TB HDD,HDD,Nvidia GeForce 930MX,Nvidia,Windows,10,2.04kg,1920x1080  ------>  2.04kg,"900,00"
901,Asus,G701VO-IH74K (i7-6820HK/32GB/2x,Gaming,17.3,IPS Panel Full HD 1920x1080,Intel Core i7 6820HK 2.7GHz,Intel,32,256GB SSD +  256GB SSD,SSD,Nvidia GeForce GTX 980M,Nvidia,Windows,10,3.58kg,1920x1080  ------>  3.58kg,"1279,00"
908,Lenovo,IdeaPad Y700-15ISK,Notebook,15.6,IPS Panel Full HD 1920x1080,Intel Core i5 6300HQ 2.3GHz,Intel,8,128GB SSD +  1TB HDD,SSD,Nvidia GeForce GTX 960M,Nvidia,Windows,10,2.6kg,1920x1080  ------>  2.6kg,"789,00"
912,Lenovo,IdeaPad 510-15IKB,Notebook,15.6,Full HD 1920x1080,Intel Core i7 7500U 2.7GHz,Intel,6,256GB SSD,SSD,Nvidia GeForce 940MX,Nvidia,Windows,10,2.2kg,1920x1080  ------>  2.2kg,"789,00"
913,HP,ProBook 450,Notebook,15.6,Full HD 1920x1080,Intel Core i7 7500U 2.7GHz,Intel,8,256GB SSD,SSD,Nvidia GeForce 930MX,Nvidia,Windows,10,2.04kg,1920x1080  ------>  2.04kg,"1018,99"
917,MSI,GE72VR 6RF,Gaming,17.3,Full HD 1920x1080,Intel Core i7 7700HQ 2.8GHz,Intel,16,256GB SSD +  1TB HDD,SSD,Nvidia GeForce GTX 1050 Ti,Nvidia,Windows,10,2.7kg,1920x1080  ------>  2.7kg,"1599,00"
918,Dell,Inspiron 7567,Gaming,15.6,Full HD 1920x1080,Intel Core i7 7700HQ 2.8GHz,Intel,16,128GB SSD +  1TB HDD,SSD,Nvidia GeForce GTX 1050 Ti,Nvidia,Windows,10,2.6kg,1920x1080  ------>  2.6kg,"1349,00"
919,MSI,GL62M 7RD,Gaming,15.6,Full HD 1920x1080,Intel Core i5 7300HQ 2.5GHz,Intel,8,128GB SSD +  1TB HDD,SSD,Nvidia GeForce GTX 1050,Nvidia,Windows,10,2.2kg,1920x1080  ------>  2.2kg,"1119,91"
923,Toshiba,Tecra Z50-C-140,Notebook,15.6,IPS Panel Full HD 1920x1080,Intel Core i7 6600U 2.6GHz,Intel,16,256GB SSD,SSD,Nvidia GeForce 930M,Nvidia,Windows,10,2.4kg,1920x1080  ------>  2.4kg,"1975,00"
937,MSI,GP62M Leopard,Gaming,15.6,Full HD 1920x1080,Intel Core i7 7700HQ 2.8GHz,Intel,8,128GB SSD +  1TB HDD,SSD,Nvidia GeForce GTX 1050,Nvidia,Windows,10,2.2kg,1920x1080  ------>  2.2kg,"1199,00"
939,Dell,Alienware 17,Gaming,17.3,2560x1440,Intel Core i7 6820HK 2.7GHz,Intel,16,512GB SSD +  1TB HDD,SSD,Nvidia GeForce GTX 1080,Nvidia,Windows,10,4.36kg,2560x1440  ------>  4.36kg,"2758,00"
940,HP,Omen 17-W006na,Gaming,17.3,IPS Panel Full HD 1920x1080,Intel Core i5 6300HQ 2.3GHz,Intel,8,128GB SSD +  1TB HDD,SSD,Nvidia GeForce GTX 965M,Nvidia,Windows,10,2.75kg,1920x1080  ------>  2.75kg,"1399,00"
941,Asus,X751SV-TY001T (N3710/4GB/1TB/GeForce,Notebook,17.3,1600x900,Intel Pentium Quad Core N3710 1.6GHz,Intel,4,1TB HDD,HDD,Nvidia GeForce 920MX,Nvidia,Windows,10,2.8kg,1600x900  ------>  2.8kg,"530,00"
947,Lenovo,IdeaPad 310-15IKB,Notebook,15.6,Full HD 1920x1080,Intel Core i7 7500U 2.7GHz,Intel,8,1TB HDD,HDD,Nvidia GeForce 920MX,Nvidia,No OS,,2.2kg,1920x1080  ------>  2.2kg,"685,00"
950,HP,ZBook Studio,Workstation,15.6,IPS Panel Full HD 1920x1080,Intel Core i7 6820HQ 2.7GHz,Intel,8,8GB SSD,SSD,Nvidia Quadro M1000M,Nvidia,Windows,10,2.0kg,1920x1080  ------>  2.0kg,"2249,00"
955,Dell,Alienware 17,Gaming,17.3,IPS Panel 4K Ultra HD 3840x2160,Intel Core i7 7700HQ 2.8GHz,Intel,16,512GB SSD +  1TB HDD,SSD,Nvidia GeForce GTX 1070,Nvidia,Windows,10,4.36kg,3840x2160  ------>  4.36kg,"3154,00"
962,Acer,Aspire F5-573G-510L,Notebook,15.6,Full HD 1920x1080,Intel Core i5 7200U 2.5GHz,Intel,12,128GB SSD +  1TB HDD,SSD,Nvidia GeForce GTX 950M,Nvidia,Windows,10,2.4kg,1920x1080  ------>  2.4kg,"1009,00"
964,HP,ProBook 450,Notebook,15.6,1366x768,Intel Core i5 7200U 2.50GHz,Intel,8,1TB HDD,HDD,Nvidia GeForce 930MX,Nvidia,Windows,10,2.04kg,1366x768  ------>  2.04kg,"846,50"
968,Dell,Alienware 17,Gaming,17.3,IPS Panel Full HD 1920x1080,Intel Core i7 7700HQ 2.8GHz,Intel,32,256GB SSD +  1TB HDD,SSD,Nvidia GeForce GTX 1070,Nvidia,Windows,10,4.42kg,1920x1080  ------>  4.42kg,"3149,00"
969,Lenovo,IdeaPad 310-15IKB,Notebook,15.6,Full HD 1920x1080,Intel Core i5 7200U 2.5GHz,Intel,6,256GB SSD,SSD,Nvidia GeForce 920MX,Nvidia,Windows,10,2.4kg,1920x1080  ------>  2.4kg,"695,00"
972,Dell,Alienware 17,Gaming,17.3,Full HD 1920x1080,Intel Core i7 6700HQ 2.6GHz,Intel,32,256GB SSD +  1TB HDD,SSD,Nvidia GeForce GTX 1070,Nvidia,Windows,10,4.42kg,1920x1080  ------>  4.42kg,"2800,00"
974,Asus,Rog Strix,Gaming,17.3,Full HD 1920x1080,Intel Core i7 7700HQ 2.8GHz,Intel,16,256GB SSD +  1TB HDD,SSD,Nvidia GeForce GTX 1060,Nvidia,Windows,10,2.73kg,1920x1080  ------>  2.73kg,"2049,90"
975,HP,Probook 450,Notebook,15.6,IPS Panel Full HD 1920x1080,Intel Core i5 7200U 2.70GHz,Intel,8,128GB SSD +  1TB HDD,SSD,Nvidia GeForce 930MX,Nvidia,Windows,10,2.04kg,1920x1080  ------>  2.04kg,"979,00"
977,Asus,Q534UX-BHI7T19 (i7-7500U/16GB/2TB,2 in 1 Convertible,15.6,4K Ultra HD / Touchscreen 3840x2160,Intel Core i7 7500U 2.7GHz,Intel,16,512GB SSD +  2TB HDD,SSD,Nvidia GeForce GTX 950M,Nvidia,Windows,10,2.3kg,3840x2160  ------>  2.3kg,"1799,00"
979,Asus,Rog GL753VE-DS74,Gaming,17.3,Full HD 1920x1080,Intel Core i7 7700HQ 2.8GHz,Intel,16,256GB SSD +  1TB HDD,SSD,Nvidia GeForce GTX 1050 Ti,Nvidia,Windows,10,2.99kg,1920x1080  ------>  2.99kg,"1749,00"
987,Lenovo,Legion Y520-15IKBN,Gaming,15.6,IPS Panel Full HD 1920x1080,Intel Core i7 7700HQ 2.8GHz,Intel,8,128GB SSD +  1TB HDD,SSD,Nvidia GeForce GTX 1060,Nvidia,Windows,10,2.5kg,1920x1080  ------>  2.5kg,"1189,00"
998,Asus,Rog GL553VE-DS74,Gaming,15.6,Full HD 1920x1080,Intel Core i7 7700HQ 2.8GHz,Intel,16,256GB SSD +  1TB HDD,SSD,Nvidia GeForce GTX 1050 Ti,Nvidia,Windows,10,2.5kg,1920x1080  ------>  2.5kg,"1799,00"
1000,Acer,Nitro 5,Gaming,15.6,IPS Panel Full HD 1920x1080,Intel Core i7 7700HQ 2.8GHz,Intel,8,128GB SSD +  1TB HDD,SSD,Nvidia GeForce GTX 1050,Nvidia,Windows,10,2.7kg,1920x1080  ------>  2.7kg,"1260,00"
1008,HP,ProBook 440,Notebook,14.0,Full HD 1920x1080,Intel Core i5 7200U 2.5GHz,Intel,8,256GB SSD,SSD,Nvidia GeForce 930MX,Nvidia,Windows,10,1.64kg,1920x1080  ------>  1.64kg,"1049,26"
1010,Dell,Inspiron 7567,Gaming,15.6,Full HD 1920x1080,Intel Core i5 7300HQ 2.5GHz,Intel,8,1TB Hybrid,Hybrid,Nvidia GeForce GTX 1050,Nvidia,Windows,10,2.65kg,1920x1080  ------>  2.65kg,"949,00"
1017,Lenovo,ThinkPad P70,Notebook,17.3,IPS Panel 4K Ultra HD 3840x2160,Intel Core i7 6820HQ 2.7GHz,Intel,16,512GB SSD,SSD,Nvidia Quadro 3000M,Nvidia,Windows,7,2.4kg,3840x2160  ------>  2.4kg,"2968,00"
1023,HP,ProBook 440,Notebook,14.0,Full HD 1920x1080,Intel Core i7 7500U 2.7GHz,Intel,8,256GB SSD,SSD,Nvidia GeForce 930MX,Nvidia,Windows,10,1.64kg,1920x1080  ------>  1.64kg,"1185,43"
1029,HP,Probook 470,Notebook,17.3,Full HD 1920x1080,Intel Core i5 7200U 2.5GHz,Intel,8,256GB SSD,SSD,Nvidia GeForce 930MX,Nvidia,Windows,10,2.63kg,1920x1080  ------>  2.63kg,"1080,00"
1032,MSI,GL72M 7RDX,Gaming,17.3,Full HD 1920x1080,Intel Core i7 7700HQ 2.8GHz,Intel,8,128GB SSD +  1TB HDD,SSD,Nvidia GeForce GTX 1050,Nvidia,Windows,10,2.7kg,1920x1080  ------>  2.7kg,"1191,80"
1042,Toshiba,Tecra A50-C-218,Notebook,15.6,IPS Panel Full HD 1920x1080,Intel Core i7 6500U 2.5GHz,Intel,16,256GB SSD,SSD,Nvidia GeForce 930M,Nvidia,Windows,10,2.4kg,1920x1080  ------>  2.4kg,"1425,00"
1047,MSI,GT72S Dominator,Gaming,17.3,IPS Panel Full HD 1920x1080,Intel Core i7 6820HK 2.7GHz,Intel,16,256GB SSD +  1TB HDD,SSD,Nvidia GeForce GTX 980M,Nvidia,Windows,10,3.78kg,1920x1080  ------>  3.78kg,"1545,64"
1048,Lenovo,IdeaPad Y900-17ISK,Gaming,17.3,IPS Panel Full HD 1920x1080,Intel Core i7 6700HQ 2.6GHz,Intel,16,128GB SSD +  1TB HDD,SSD,Nvidia GeForce GTX 980M,Nvidia,Windows,10,4.6kg,1920x1080  ------>  4.6kg,"2289,99"
1051,HP,Noteb Pav,Notebook,15.6,IPS Panel Full HD 1920x1080,Intel Core i7 7500U 2.7GHz,Intel,8,1TB HDD,HDD,Nvidia GeForce 940MX,Nvidia,Windows,10,1.91kg,1920x1080  ------>  1.91kg,"979,00"
1059,MSI,GT62VR 6RD,Gaming,15.6,Full HD 1920x1080,Intel Core i7 6700HQ 2.6GHz,Intel,16,256GB SSD +  1TB HDD,SSD,Nvidia GeForce GTX 1060,Nvidia,Windows,10,2.94kg,1920x1080  ------>  2.94kg,"1819,00"
1061,Asus,Rog G752VL-GC088D,Gaming,17.3,IPS Panel Full HD 1920x1080,Intel Core i7 6700HQ 2.6GHz,Intel,16,1TB HDD,HDD,Nvidia GeForce GTX 965M,Nvidia,No OS,,4kgs,1920x1080  ------>  4kgs,"998,00"
1064,MSI,GS63VR 6RF,Gaming,15.6,Full HD 1920x1080,Intel Core i7 6700HQ 2.6GHz,Intel,16,256GB SSD +  1TB HDD,SSD,Nvidia GeForce GTX 1060,Nvidia,Windows,10,1.8kg,1920x1080  ------>  1.8kg,"1929,00"
1066,Asus,ROG G701VO,Gaming,17.3,IPS Panel Full HD 1920x1080,Intel Core i7 6820HK 2.7GHz,Intel,64,1TB SSD,SSD,Nvidia GeForce GTX 980 ,Nvidia,Windows,10,3.58kg,1920x1080  ------>  3.58kg,"3975,00"
1068,Dell,Alienware 15,Gaming,15.6,4K Ultra HD 3840x2160,Intel Core i7 6700HQ 2.6GHz,Intel,16,256GB SSD +  1TB HDD,SSD,Nvidia GeForce GTX 970M,Nvidia,Windows,10,3.21kg,3840x2160  ------>  3.21kg,"1329,00"
1076,Lenovo,Ideapad 700-15ISK,Notebook,15.6,IPS Panel Full HD 1920x1080,Intel Core i5 6300HQ 2.3GHz,Intel,4,1TB HDD,HDD,Nvidia GeForce GTX 950M,Nvidia,Windows,10,2.3kg,1920x1080  ------>  2.3kg,"977,00"
1077,MSI,GT72VR Dominator,Gaming,17.3,Full HD 1920x1080,Intel Core i7 7700HQ 2.8GHz,Intel,16,256GB SSD +  1TB HDD,SSD,Nvidia GeForce GTX 1070,Nvidia,Windows,10,3.78kg,1920x1080  ------>  3.78kg,"2499,00"
1081,Lenovo,IdeaPad Y900-17ISK,Gaming,17.3,IPS Panel Full HD 1920x1080,Intel Core i7 6820HK 2.7GHz,Intel,32,512GB SSD +  1TB Hybrid,SSD,Nvidia GeForce GTX 980M,Nvidia,Windows,10,4.6kg,1920x1080  ------>  4.6kg,"3240,00"
1092,Asus,Rog GL702VM-GC354T,Gaming,17.3,IPS Panel Full HD 1920x1080,Intel Core i7 7700HQ 2.8GHz,Intel,8,256GB SSD +  1TB HDD,SSD,Nvidia GeForce GTX 1060,Nvidia,Windows,10,2.7kg,1920x1080  ------>  2.7kg,"1599,00"
1095,Acer,Aspire F5-573G,Notebook,15.6,Full HD 1920x1080,Intel Core i5 7200U 2.5GHz,Intel,8,256GB SSD +  1TB HDD,SSD,Nvidia GeForce GTX 950M,Nvidia,Windows,10,2.4kg,1920x1080  ------>  2.4kg,"799,00"
1097,MSI,GS70 Stealth,Gaming,17.3,Full HD 1920x1080,Intel Core i7 6700HQ 2.6GHz,Intel,8,256GB SSD,SSD,Nvidia GeForce GTX 965M,Nvidia,Windows,10,2.6kg,1920x1080  ------>  2.6kg,"1599,00"
1099,Asus,G752VY-GC162T (i7-6700HQ/16GB/1TB,Gaming,17.3,IPS Panel Full HD 1920x1080,Intel Core i7 6700HQ 2.6GHz,Intel,16,128GB SSD +  1TB HDD,SSD,Nvidia GeForce GTX 980M,Nvidia,Windows,10,4.3kg,1920x1080  ------>  4.3kg,"2299,00"
1104,Lenovo,Legion Y520-15IKBN,Gaming,15.6,Full HD 1920x1080,Intel Core i7 7700HQ 2.8GHz,Intel,16,512GB SSD,SSD,Nvidia GeForce GTX 1050 Ti,Nvidia,Windows,10,2.4kg,1920x1080  ------>  2.4kg,"1199,00"
1106,MSI,GE72 Apache,Gaming,17.3,Full HD 1920x1080,Intel Core i7 6700HQ 2.6GHz,Intel,8,128GB SSD +  1TB HDD,SSD,Nvidia GeForce GTX 960M,Nvidia,Windows,10,2.9kg,1920x1080  ------>  2.9kg,"1511,19"
1109,Asus,Rog GL552VW-CN470T,Gaming,15.6,IPS Panel Full HD 1920x1080,Intel Core i7 6700HQ 2.6GHz,Intel,16,128GB SSD +  1TB HDD,SSD,Nvidia GeForce GTX 960M,Nvidia,Windows,10,2.59kg,1920x1080  ------>  2.59kg,"1339,00"
1116,Lenovo,IdeaPad Y900-17ISK,Gaming,17.3,IPS Panel Full HD 1920x1080,Intel Core i7 6820HK 2.7GHz,Intel,16,256GB SSD +  1TB Hybrid,SSD,Nvidia GeForce GTX 980M,Nvidia,Windows,10,4.6kg,1920x1080  ------>  4.6kg,"2749,99"
1119,Asus,Rog GL752VW-T4308T,Gaming,17.3,Full HD 1920x1080,Intel Core i7 6700HQ 2.6GHz,Intel,8,128GB SSD +  1TB HDD,SSD,Nvidia GeForce GTX 960M,Nvidia,Windows,10,3.52kg,1920x1080  ------>  3.52kg,"1312,49"
1128,Lenovo,Legion Y520-15IKBN,Gaming,15.6,IPS Panel Full HD 1920x1080,Intel Core i5 7300HQ 2.5GHz,Intel,8,128GB SSD +  1TB HDD,SSD,Nvidia GeForce GTX 1060,Nvidia,No OS,,2.4kg,1920x1080  ------>  2.4kg,"989,00"
1129,HP,Omen -,Gaming,17.3,IPS Panel Full HD 1920x1080,Intel Core i5 6300HQ 2.3GHz,Intel,8,128GB SSD +  1TB HDD,SSD,Nvidia GeForce GTX 1060,Nvidia,Windows,10,3.35kg,1920x1080  ------>  3.35kg,"1129,00"
1131,Lenovo,ThinkPad P40,2 in 1 Convertible,14.0,IPS Panel Full HD / Touchscreen 1920x1080,Intel Core i7 6600U 2.6GHz,Intel,8,512GB SSD,SSD,Nvidia Quadro M500M,Nvidia,Windows,7,1.8kg,1920x1080  ------>  1.8kg,"2050,38"
1134,Acer,Aspire E5-576G,Notebook,15.6,Full HD 1920x1080,Intel Core i5 7200U 2.5GHz,Intel,4,1TB HDD,HDD,Nvidia GeForce 940MX,Nvidia,Windows,10,2.23kg,1920x1080  ------>  2.23kg,"616,00"
1136,HP,ZBook 17,Workstation,17.3,IPS Panel Full HD 1920x1080,Intel Core i7 6700HQ 2.6GHz,Intel,8,256GB SSD,SSD,Nvidia Quadro M3000M,Nvidia,Windows,7,3kg,1920x1080  ------>  3kg,"3949,40"
1138,MSI,GT72S Dominator,Gaming,17.3,Full HD 1920x1080,Intel Core i7 6820HQ 2.7GHz,Intel,16,256GB SSD +  1TB HDD,SSD,Nvidia GeForce GTX 980M,Nvidia,Windows,10,3.78kg,1920x1080  ------>  3.78kg,"2399,00"
1141,MSI,GP62M 7RDX,Gaming,15.6,Full HD 1920x1080,Intel Core i7 7700HQ 2.8GHz,Intel,8,128GB SSD +  1TB HDD,SSD,Nvidia GeForce GTX 1050,Nvidia,Windows,10,2.4kg,1920x1080  ------>  2.4kg,"1142,80"
1143,HP,ZBook 15,Workstation,15.6,IPS Panel Full HD 1920x1080,Intel Core i7 6700HQ 2.6GHz,Intel,8,256GB SSD,SSD,Nvidia Quadro M1000M,Nvidia,Windows,7,2.59kg,1920x1080  ------>  2.59kg,"2229,00"
1145,HP,ZBook Studio,Workstation,15.6,Full HD 1920x1080,Intel Core i7 6700HQ 2.6GHz,Intel,8,256GB SSD,SSD,Nvidia Quadro M1000M,Nvidia,Windows,7,2.0kg,1920x1080  ------>  2.0kg,"1899,00"
1147,Dell,Vostro 5568,Notebook,15.6,Full HD 1920x1080,Intel Core i7 7500U 2.7GHz,Intel,8,256GB SSD,SSD,Nvidia GeForce 940MX,Nvidia,Windows,10,2.18kg,1920x1080  ------>  2.18kg,"1009,90"
1153,Dell,Inspiron 7567,Gaming,15.6,Full HD 1920x1080,Intel Core i7 7700HQ 2.8GHz,Intel,8,1TB HDD,HDD,Nvidia GeForce GTX 1050Ti,Nvidia,Windows,10,2.62kg,1920x1080  ------>  2.62kg,"1199,00"
1154,Dell,XPS 15,Notebook,15.6,IPS Panel Touchscreen / 4K Ultra HD 3840x2160,Intel Core i5 6300HQ 2.3GHz,Intel,8,256GB SSD,SSD,Nvidia GeForce 960M,Nvidia,Windows,10,2.04kg,3840x2160  ------>  2.04kg,"2250,68"
1156,MSI,GP72M 7REX,Gaming,17.3,Full HD 1920x1080,Intel Core i7 7700HQ 2.8GHz,Intel,16,256GB SSD +  1TB HDD,SSD,Nvidia GeForce GTX 1050 Ti,Nvidia,Windows,10,2.7kg,1920x1080  ------>  2.7kg,"1492,80"
1161,MSI,GS40 Phantom,Gaming,14.0,Full HD 1920x1080,Intel Core i7 6700HQ 2.6GHz,Intel,16,256GB SSD +  1TB HDD,SSD,Nvidia GeForce GTX 970M,Nvidia,Windows,10,1.7kg,1920x1080  ------>  1.7kg,"1769,00"
1162,HP,Pavilion 15-cb003nv,Gaming,15.6,IPS Panel Full HD 1920x1080,Intel Core i7 7700HQ 2.8GHz,Intel,8,1TB HDD,HDD,Nvidia GeForce GTX 1050,Nvidia,Windows,10,2.62kg,1920x1080  ------>  2.62kg,"899,00"
1165,Dell,Inspiron 7567,Gaming,15.6,4K Ultra HD 3840x2160,Intel Core i7 7700HQ 2.8GHz,Intel,8,128GB SSD +  1TB HDD,SSD,Nvidia GeForce GTX 1050 Ti,Nvidia,Windows,10,2.62kg,3840x2160  ------>  2.62kg,"1498,00"
1167,Lenovo,320-15ISK (i3-6006U/4GB/1TB/GeForce,Notebook,15.6,Full HD 1920x1080,Intel Core i3 6006U 2GHz,Intel,4,1TB HDD,HDD,Nvidia GeForce 920MX ,Nvidia,Windows,10,2.2kg,1920x1080  ------>  2.2kg,"468,00"
1169,MSI,PL60 7RD,Gaming,15.6,IPS Panel Full HD 1920x1080,Intel Core i7 7500U 2.7GHz,Intel,8,1TB HDD,HDD,Nvidia GeForce GTX 1050,Nvidia,Windows,10,2.2kg,1920x1080  ------>  2.2kg,"839,00"
1174,Lenovo,IdeaPad 510-15IKB,Notebook,15.6,Full HD 1920x1080,Intel Core i7 7500U 2.7GHz,Intel,8,1TB HDD,HDD,Nvidia GeForce 940MX,Nvidia,No OS,,2.2kg,1920x1080  ------>  2.2kg,"709,00"
1177,Lenovo,IdeaPad Y700-15ISK,Gaming,15.6,IPS Panel Full HD 1920x1080,Intel Core i7 6700HQ 2.6GHz,Intel,16,512GB SSD,SSD,Nvidia GeForce GTX 960,Nvidia,Windows,10,3.31kg,1920x1080  ------>  3.31kg,"1305,00"
1178,MSI,GS60 Ghost,Gaming,15.6,Full HD 1920x1080,Intel Core i7 6700HQ 2.6GHz,Intel,16,128GB SSD +  1TB HDD,SSD,Nvidia GeForce GTX 970M,Nvidia,Windows,10,1.91kg,1920x1080  ------>  1.91kg,"2153,37"
1181,Lenovo,IdeaPad 310-15IKB,Ultrabook,15.6,Full HD 1920x1080,Intel Core i7 7500U 2.7GHz,Intel,6,256GB SSD,SSD,Nvidia GeForce 920M,Nvidia,Windows,10,1.54kg,1920x1080  ------>  1.54kg,"831,00"
1182,Dell,Vostro 5568,Notebook,15.6,Full HD 1920x1080,Intel Core i7 7500U 2.7GHz,Intel,8,256GB SSD,SSD,Nvidia GeForce GT 940MX,Nvidia,Linux,,1.98kg,1920x1080  ------>  1.98kg,"895,01"
1184,HP,Pavilion 15-BC000nv,Notebook,15.6,IPS Panel Full HD 1920x1080,Intel Core i7 6700HQ 2.6GHz,Intel,6,1TB HDD,HDD,Nvidia GeForce GTX 960M,Nvidia,Windows,10,2.18kg,1920x1080  ------>  2.18kg,"799,00"
1185,Asus,Rog GL552VW-DM201T,Gaming,15.6,IPS Panel Full HD 1920x1080,Intel Core i7 6700HQ 2.6GHz,Intel,8,256GB SSD +  1TB HDD,SSD,Nvidia GeForce GTX 960M,Nvidia,Windows,10,2.591kg,1920x1080  ------>  2.591kg,"909,00"
1187,Acer,Aspire E5-576G,Notebook,15.6,Full HD 1920x1080,Intel Core i5 7200U 2.5GHz,Intel,4,256GB SSD,SSD,Nvidia GeForce 940MX,Nvidia,Windows,10,2.23kg,1920x1080  ------>  2.23kg,"691,00"
1189,Acer,Predator G9-793,Gaming,17.3,IPS Panel Full HD 1920x1080,Intel Core i7 7700HQ 2.8GHz,Intel,16,256GB SSD +  1TB HDD,SSD,Nvidia GeForce GTX 1070,Nvidia,Windows,10,4.2kg,1920x1080  ------>  4.2kg,"2599,00"
1190,Lenovo,Legion Y520-15IKBN,Gaming,15.6,IPS Panel Full HD 1920x1080,Intel Core i5 7300HQ 2.5GHz,Intel,8,1TB HDD,HDD,Nvidia GeForce GTX 1050,Nvidia,Windows,10,2.4kg,1920x1080  ------>  2.4kg,"819,00"
1195,HP,Pavilion Power,Notebook,15.6,IPS Panel Full HD 1920x1080,Intel Core i7 7700HQ 2.8GHz,Intel,12,128GB SSD +  1TB HDD,SSD,Nvidia GeForce GTX 1050,Nvidia,Windows,10,2.21kg,1920x1080  ------>  2.21kg,"1327,00"
1197,Asus,Rog G752VY-GC229T,Gaming,17.3,IPS Panel Full HD 1920x1080,Intel Core i7 6700HQ 2.6GHz,Intel,16,512GB SSD +  1TB HDD,SSD,Nvidia GeForce GTX 980M,Nvidia,Windows,10,4.3kg,1920x1080  ------>  4.3kg,"2150,00"
1199,MSI,GS73VR 7RF,Gaming,17.3,Full HD 1920x1080,Intel Core i7 7700HQ 2.8GHz,Intel,16,256GB SSD +  1TB HDD,SSD,Nvidia GeForce GTX 1060,Nvidia,Windows,10,2.43kg,1920x1080  ------>  2.43kg,"2048,90"
1201,Lenovo,IdeaPad 310-15ISK,Notebook,15.6,1366x768,Intel Core i7 6500U 2.5GHz,Intel,8,500GB HDD,HDD,Nvidia GeForce 920MX,Nvidia,No OS,,2.2kg,1366x768  ------>  2.2kg,"629,00"
1204,Asus,FX502VM-DM105T (i7-6700HQ/8GB/1TB/GeForce,Gaming,15.6,Full HD 1920x1080,Intel Core i7 6700HQ 2.6GHz,Intel,8,1TB HDD,HDD,Nvidia GeForce GTX 1060,Nvidia,Windows,10,2.2kg,1920x1080  ------>  2.2kg,"1169,00"
1208,Acer,Aspire E5-774G,Notebook,17.3,1600x900,Intel Core i3 6006U 2.0GHz,Intel,8,1TB HDD,HDD,Nvidia GeForce 940MX,Nvidia,Windows,10,3.3kg,1600x900  ------>  3.3kg,"629,00"
1209,Asus,Rog Strix,Gaming,15.6,Full HD 1920x1080,Intel Core i7 7700HQ 2.8GHz,Intel,16,256GB SSD +  1TB HDD,SSD,Nvidia GeForce GTX 1070,Nvidia,Windows,10,2.2kg,1920x1080  ------>  2.2kg,"2449,00"
1211,Asus,FX502VM-AS73 (i7-7700HQ/16GB/1TB,Notebook,15.6,Full HD 1920x1080,Intel Core i7 7700HQ 2.8GHz,Intel,16,128GB SSD +  1TB HDD,SSD,Nvidia GeForce GTX 1060,Nvidia,Windows,10,2.2kg,1920x1080  ------>  2.2kg,"1749,00"
1212,MSI,GS73VR Stealth,Gaming,17.3,IPS Panel Full HD 1920x1080,Intel Core i7 6700HQ 2.6GHz,Intel,16,256GB SSD +  1TB HDD,SSD,Nvidia GeForce GTX 1060,Nvidia,Windows,10,2.43kg,1920x1080  ------>  2.43kg,"1948,99"
1214,Asus,ROG Strix,Gaming,17.3,Full HD 1920x1080,Intel Core i7 7700HQ 2.8GHz,Intel,16,256GB SSD +  1TB HDD,SSD,Nvidia GeForce GTX 1060,Nvidia,Windows,10,2.9kg,1920x1080  ------>  2.9kg,"1949,00"
1216,Acer,E5 774G,Notebook,17.3,1600x900,Intel Core i3 6006U 2GHz,Intel,4,1TB HDD,HDD,Nvidia GeForce 940MX,Nvidia,Windows,10,3.3kg,1600x900  ------>  3.3kg,"598,00"
1218,Lenovo,IdeaPad Y700-15ISK,Gaming,15.6,IPS Panel Full HD 1920x1080,Intel Core i7 6700HQ 2.6GHz,Intel,8,128GB SSD +  1TB HDD,SSD,Nvidia GeForce GTX 960<U+039C>,Nvidia,Windows,10,2.6kg,1920x1080  ------>  2.6kg,"1272,00"
1221,MSI,GP62MVR 6RF,Gaming,15.6,Full HD 1920x1080,Intel Core i7 6700HQ 2.6GHz,Intel,8,128GB SSD +  1TB HDD,SSD,Nvidia GeForce GTX 1060,Nvidia,Windows,10,2.2kg,1920x1080  ------>  2.2kg,"1476,11"
1228,Lenovo,IdeaPad Y700-15ISK,Gaming,15.6,IPS Panel Full HD / Touchscreen 1920x1080,Intel Core i7 6700HQ 2.6GHz,Intel,16,128GB SSD +  1TB HDD,SSD,Nvidia GeForce GTX 960M,Nvidia,Windows,10,2.6kg,1920x1080  ------>  2.6kg,"1029,00"
1229,MSI,GL62M 7RDX,Gaming,15.6,Full HD 1920x1080,Intel Core i7 7700HQ 2.8GHz,Intel,8,128GB SSD +  1TB HDD,SSD,Nvidia GeForce GTX 1050,Nvidia,Windows,10,2.2kg,1920x1080  ------>  2.2kg,"1149,00"
1231,Razer,Blade Pro,Gaming,14.0,Full HD 1920x1080,Intel Core i7 7700HQ 2.8GHz,Intel,16,1TB SSD,SSD,Nvidia GeForce GTX 1060,Nvidia,Windows,10,1.95kg,1920x1080  ------>  1.95kg,"3499,00"
1233,MSI,GE72VR Apache,Gaming,17.3,Full HD 1920x1080,Intel Core i7 7700HQ 2.8GHz,Intel,16,256GB SSD +  1TB HDD,SSD,Nvidia GeForce GTX 1060,Nvidia,Windows,10,2.7kg,1920x1080  ------>  2.7kg,"1598,00"
1238,MSI,GL62 6QF,Gaming,15.6,Full HD 1920x1080,Intel Core i7 6700HQ 2.6GHz,Intel,8,128GB SSD +  1TB HDD,SSD,Nvidia GeForce GTX 960M,Nvidia,Windows,10,2.3kg,1920x1080  ------>  2.3kg,"1169,00"
1243,Dell,Inspiron 7779,2 in 1 Convertible,17.3,Full HD / Touchscreen 1920x1080,Intel Core i7 7500U 2.7GHz,Intel,16,512GB SSD,SSD,Nvidia GeForce 940MX,Nvidia,Windows,10,2.77kg,1920x1080  ------>  2.77kg,"1799,00"
1245,Asus,Rog GL553VE-FY052T,Gaming,15.6,IPS Panel Full HD 1920x1080,Intel Core i7 7700HQ 2.8GHz,Intel,16,256GB SSD +  1TB HDD,SSD,Nvidia GeForce GTX 1050 Ti,Nvidia,Windows,10,2.5kg,1920x1080  ------>  2.5kg,"1600,00"
1247,Asus,Rog GL502VS,Gaming,15.6,IPS Panel Full HD 1920x1080,Intel Core i7 6700HQ 2.6GHz,Intel,16,256GB SSD +  1TB HDD,SSD,Nvidia GeForce GTX 1070,Nvidia,Windows,10,2.34kg,1920x1080  ------>  2.34kg,"2325,00"
1252,Lenovo,IdeaPad 310-15ISK,Notebook,15.6,Full HD 1920x1080,Intel Core i3 6100U 2.3GHz,Intel,6,128GB SSD,SSD,Nvidia GeForce 920MX,Nvidia,Windows,10,2.4kg,1920x1080  ------>  2.4kg,"569,00"
1256,Asus,Rog G752VT-GC073T,Gaming,17.3,IPS Panel Full HD 1920x1080,Intel Core i7 6700HQ 2.6GHz,Intel,16,128GB SSD +  1TB HDD,SSD,Nvidia GeForce GTX 970M,Nvidia,Windows,10,4.0kg,1920x1080  ------>  4.0kg,"1900,00"
1259,MSI,GE62 Apache,Gaming,15.6,Full HD 1920x1080,Intel Core i7 6700HQ 2.6GHz,Intel,8,128GB SSD +  1TB HDD,SSD,Nvidia GeForce GTX 960M,Nvidia,Windows,10,2.4kg,1920x1080  ------>  2.4kg,"1229,00"
1265,Lenovo,IdeaPad Y700-15ISK,Notebook,15.6,IPS Panel Full HD 1920x1080,Intel Core i7 6700HQ 2.6GHz,Intel,8,1TB HDD,HDD,Nvidia GeForce GTX 960M,Nvidia,Windows,10,2.6kg,1920x1080  ------>  2.6kg,"899,00"
1269,Asus,X556UJ-XO044T (i7-6500U/4GB/500GB/GeForce,Notebook,15.6,1366x768,Intel Core i7 6500U 2.5GHz,Intel,4,500GB HDD,HDD,Nvidia GeForce 920M,Nvidia,Windows,10,2.2kg,1366x768  ------>  2.2kg,"720,32"
1279,Lenovo,IdeaPad Y700-15ISK,Notebook,15.6,IPS Panel Full HD 1920x1080,Intel Core i7 6700HQ 2.6GHz,Intel,8,1TB HDD,HDD,Nvidia GeForce GTX 960M,Nvidia,Windows,10,2.6kg,1920x1080  ------>  2.6kg,"899,00"
1283,Asus,X556UJ-XO044T (i7-6500U/4GB/500GB/GeForce,Notebook,15.6,1366x768,Intel Core i7 6500U 2.5GHz,Intel,4,500GB HDD,HDD,Nvidia GeForce 920M,Nvidia,Windows,10,2.2kg,1366x768  ------>  2.2kg,"720,32"
1293,Lenovo,IdeaPad Y700-15ISK,Notebook,15.6,IPS Panel Full HD 1920x1080,Intel Core i7 6700HQ 2.6GHz,Intel,8,1TB HDD,HDD,Nvidia GeForce GTX 960M,Nvidia,Windows,10,2.6kg,1920x1080  ------>  2.6kg,"899,00"
1297,Asus,X556UJ-XO044T (i7-6500U/4GB/500GB/GeForce,Notebook,15.6,1366x768,Intel Core i7 6500U 2.5GHz,Intel,4,500GB HDD,HDD,Nvidia GeForce 920M,Nvidia,Windows,10,2.2kg,1366x768  ------>  2.2kg,"720,32"
