"Country,Other",TotalCases,NewCases,TotalDeaths,NewDeaths,TotalRecovered,NewRecovered,ActiveCases,"Serious,Critical",Tot Cases/1M pop,Deaths/1M pop,TotalTests,Tests/1M pop,Population,Continent,1 Caseevery X ppl,1 Deathevery X ppl,1 Testevery X ppl,New Cases/1M pop,New Deaths/1M pop,Active Cases/1M pop
World,"679,192,004","+43,431","6,794,496",+126,"651,994,710","+88,160","20,402,798","40,449","87,134",871.7,,,,All,"
",,,,,
USA,"105,092,404",,"1,143,760                                ",,"102,472,268",,"1,476,376","2,436","313,891","3,416","1,163,606,545","3,475,473","334,805,269 ",North America,3,293,0,,,"4,410"
India,"44,685,450",,"530,763                                ",,"44,152,687",,"2,000",N/A,"31,768",377,"918,101,478","652,695","1,406,631,776 ",Asia,31,"2,650",2,,,1
France,"39,600,548",,"164,829                                ",,"39,368,009",,"67,710",869,"603,809","2,513","271,490,188","4,139,547","65,584,518 ",Europe,2,398,0,,,"1,032"
Germany,"38,068,912",,"167,604                                ",,"37,643,100","+12,300","258,208",N/A,"453,830","1,998","122,332,384","1,458,359","83,883,596 ",Europe,2,500,1,,,"3,078"
Brazil,"36,997,328",,"698,381                                ",,"36,170,812",,"128,135",N/A,"171,798","3,243","63,776,166","296,146","215,353,593 ",South America,6,308,3,,,595
Japan,"33,136,016",,"71,923                                ",,"21,669,889",,"11,394,204",212,"263,854",573,"94,608,068","753,340","125,584,838 ",Asia,4,"1,746",1,,,"90,729"
S. Korea,"30,469,702","+10,845","33,909                                ",+22,"30,223,524","+14,004","212,269",180,"593,605",661,"15,804,065","307,892","51,329,899 ",Asia,2,"1,514",3,211,0.4,"4,135"
Italy,"25,547,414",,"187,850                                ",,"25,174,036",,"185,528",154,"423,934","3,117","267,156,892","4,433,200","60,262,770 ",Europe,2,321,0,,,"3,079"
UK,"24,341,615",,"206,246                                ",,"24,073,944","+2,508","61,425",N/A,"355,363","3,011","522,526,476","7,628,357","68,497,907 ",Europe,3,332,0,,,897
Russia,"22,218,663","+14,721","395,938                                ",+37,"21,557,637","+15,028","265,088",N/A,"152,385","2,716","273,400,000","1,875,095","145,805,947 ",Europe,7,368,1,101,0.3,"1,818"
Turkey,"17,042,722",,"101,492                                ",,N/A,N/A,N/A,,"199,186","1,186","162,743,369","1,902,052","85,561,976 ",Asia,5,843,1,,,"1,819"
Spain,"13,755,956",,"119,186                                ",,"13,596,016",,"40,754",231,"294,439","2,551","471,036,328","10,082,298","46,719,142 ",Europe,3,392,0,,,872
Vietnam,"11,526,858",,"43,186                                ",,"10,614,735",,"868,937",5,"116,488",436,"85,826,548","867,342","98,953,541 ",Asia,9,"2,291",1,,,"8,781"
Australia,"11,347,698",,"19,265                                ",,"11,311,584",,"16,849",43,"435,298",739,"78,835,048","3,024,116","26,068,792 ",Australia/Oceania,2,"1,353",0,,,646
Argentina,"10,043,308",,"130,458                                ",,"9,907,590",+457,"5,260",363,"218,284","2,835","35,716,069","776,264","46,010,234 ",South America,5,353,1,,,114
Taiwan,"9,985,320","+14,387","17,709                                ",+37,"9,604,444","+25,400","363,167",,"417,995",741,"30,742,304","1,286,903","23,888,595 ",Asia,2,"1,349",1,602,2,"15,203"
Netherlands,"8,591,721",,"22,992                                ",,"8,557,213",+103,"11,516",53,"499,186","1,336","25,984,435","1,509,718","17,211,447 ",Europe,2,749,1,,,669
Iran,"7,567,421",,"144,824                                ",,"7,338,938",,"83,659",288,"87,970","1,684","55,034,937","639,771","86,022,837 ",Asia,11,594,2,,,973
Mexico,"7,435,066",,"332,885                                ",,"6,674,710",,"427,471",N/A,"56,513","2,530","19,519,260","148,365","131,562,772 ",North America,18,395,7,,,"3,249"
Indonesia,"6,734,818",,"160,894                                ",,"6,570,305",,"3,619",N/A,"24,128",576,"114,158,919","408,975","279,134,505 ",Asia,41,"1,735",2,,,13
Poland,"6,409,609","+2,813","118,850                                ",+10,"5,335,940",,"954,819",696,"169,837","3,149","38,244,343","1,013,369","37,739,785 ",Europe,6,318,1,75,0.3,"25,300"
Colombia,"6,359,464",,"142,615                                ",,"6,182,304",,"34,545",342,"123,454","2,769","36,951,507","717,327","51,512,762 ",South America,8,361,1,,,671
Austria,"5,878,713",,"21,848                                ",,"5,806,835",,"50,030",40,"648,384","2,410","211,273,524","23,302,116","9,066,710 ",Europe,2,415,0,,,"5,518"
Greece,"5,842,655",,"36,066                                ",,"5,795,401","+15,393","11,188",115,"566,333","3,496","102,228,365","9,909,078","10,316,637 ",Europe,2,286,0,,,"1,084"
Portugal,"5,566,708",,"26,117                                ",,"5,536,772",,"3,819",61,"548,954","2,575","45,968,702","4,533,148","10,140,570 ",Europe,2,388,0,,,377
Ukraine,"5,382,095",,"111,175                                ",,"5,261,929",,"8,991",,"124,608","2,574","32,603,805","754,855","43,192,122 ",Europe,8,389,1,,,208
Chile,"5,154,106",,"64,109                                ",,"5,085,460",,"4,537",79,"267,743","3,330","48,367,600","2,512,577","19,250,195 ",South America,4,300,0,,,236
Malaysia,"5,041,587",,"36,957                                ",,"4,995,306",,"9,324",8,"151,942","1,114","68,009,122","2,049,636","33,181,072 ",Asia,7,898,0,,,281
Israel,"4,795,887",,"12,256                                ",,"4,781,252",,"2,379",57,"514,249","1,314","41,373,364","4,436,346","9,326,000 ",Asia,2,761,0,,,255
DPRK,"4,772,813",,74                                ,,"4,772,739",,0,,"183,636",3,,,"25,990,679 ",Asia,5,"351,225",,,,
Thailand,"4,727,831",,"33,902                                ",,"4,692,636",,"1,293",N/A,"67,465",484,"17,270,775","246,450","70,078,203 ",Asia,15,"2,067",4,,,18
Belgium,"4,708,273",,"33,663                                ",,"4,656,734",+368,"17,876",43,"403,511","2,885","36,665,011","3,142,281","11,668,278 ",Europe,2,347,0,,,"1,532"
Czechia,"4,604,427",,"42,404                                ",+2,"4,552,840",+142,"9,183",40,"428,846","3,949","56,979,812","5,306,972","10,736,784 ",Europe,2,253,0,,0.2,855
Canada,"4,581,763",,"51,061                                ",,"4,491,319","+1,576","39,383",99,"119,353","1,330","66,343,123","1,728,207","38,388,419 ",North America,8,752,1,,,"1,026"
Peru,"4,485,003",+100,"219,378                                ",+13,"4,263,671",+170,"1,954",48,"133,149","6,513","37,979,583","1,127,519","33,684,208 ",South America,8,154,1,3,0.4,58
Switzerland,"4,408,833",,"14,452                                ",,"4,370,447",,"23,934",45,"502,509","1,647","23,833,472","2,716,487","8,773,637 ",Europe,2,607,0,,,"2,728"
Philippines,"4,075,757",,"66,051                                ",,"4,000,503",,"9,203",162,"36,226",587,"34,543,739","307,031","112,508,994 ",Asia,28,"1,703",3,,,82
South Africa,"4,061,085",,"102,595                                ",,"3,912,506",,"45,984",192,"66,842","1,689","26,473,049","435,726","60,756,135 ",Africa,15,592,2,,,757
Romania,"3,335,131",,"67,675                                ",,"3,260,130",,"7,326",115,"175,244","3,556","26,603,809","1,397,895","19,031,335 ",Europe,6,281,1,,,385
Denmark,"3,174,821",,"8,239                                ",,"3,165,606",,976,19,"544,104","1,412","129,187,461","22,140,286","5,834,950 ",Europe,2,708,0,,,167
Hong Kong,"2,882,682",,"13,445                                ",,"2,826,768",,"42,469",28,"379,086","1,768","76,127,725","10,011,143","7,604,299 ",Asia,3,566,0,,,"5,585"
Sweden,"2,697,159",,"23,604                                ",,"2,669,505",+218,"4,050",6,"263,936","2,310","19,458,009","1,904,106","10,218,971 ",Europe,4,433,1,,,396
Serbia,"2,487,935",,"17,788                                ",,"2,456,407",,"13,740",21,"287,522","2,056","12,349,305","1,427,168","8,653,016 ",Europe,3,486,1,,,"1,588"
Iraq,"2,465,545",,"25,375                                ",,"2,439,497",,673,21,"58,474",602,"19,544,451","463,523","42,164,965 ",Asia,17,"1,662",2,,,16
Singapore,"2,222,006",,"1,722                                ",,"2,149,583",,"70,701",1,"373,852",290,"24,756,666","4,165,302","5,943,546 ",Asia,3,"3,452",0,,,"11,895"
New Zealand,"2,207,775",,"3,864                                ",,"2,197,123",,"6,788",,"450,732",789,"7,768,604","1,586,011","4,898,203 ",Australia/Oceania,2,"1,268",1,,,"1,386"
Hungary,"2,194,969",,"48,745                                ",,"2,142,682",,"3,542",6,"228,494","5,074","11,394,556","1,186,160","9,606,259 ",Europe,4,197,1,,,369
Bangladesh,"2,037,773",,"29,445                                ",,"1,998,448",,"9,880",N/A,"12,138",175,"15,254,399","90,862","167,885,689 ",Asia,82,"5,702",11,,,59
Slovakia,"1,862,495",+100,"21,011                                ",+3,"1,840,373",+67,"1,111",16,"341,104","3,848","7,400,823","1,355,414","5,460,193 ",Europe,3,260,1,18,0.5,203
Georgia,"1,825,598",,"16,965                                ",,"1,776,548",,"32,085",,"459,995","4,275","16,920,079","4,263,340","3,968,738 ",Asia,2,234,0,,,"8,084"
Jordan,"1,746,997",,"14,122                                ",,"1,731,007",,"1,868",59,"169,597","1,371","17,201,885","1,669,945","10,300,869 ",Asia,6,729,1,,,181
Ireland,"1,702,523",,"8,629                                ",,"1,691,358",+15,"2,536",18,"339,135","1,719","13,003,038","2,590,144","5,020,199 ",Europe,3,582,0,,,505
Pakistan,"1,576,796",+36,"30,641                                ",,"1,538,689",,"7,466",13,"6,871",134,"30,570,862","133,213","229,488,994 ",Asia,146,"7,490",8,0.2,,33
Norway,"1,478,767",,"5,112                                ",,"1,472,983",,672,20,"268,312",928,"11,002,430","1,996,315","5,511,370 ",Europe,4,"1,078",1,,,122
Finland,"1,461,583",,"8,859                                ",,"1,451,321",+52,"1,403",21,"263,113","1,595","12,041,358","2,167,677","5,554,960 ",Europe,4,627,0,,,253
Kazakhstan,"1,407,351",,"13,846                                ",,"1,383,020",,"10,485",24,"73,280",721,"11,575,012","602,707","19,205,043 ",Asia,14,"1,387",2,,,546
Slovenia,"1,326,367",,"7,067                                ",,"1,315,958",,"3,342",6,"638,280","3,401","2,834,333","1,363,949","2,078,034 ",Europe,2,294,1,,,"1,608"
Lithuania,"1,303,362",+322,"9,582                                ",+2,"1,288,000",+309,"5,780",8,"489,671","3,600","10,373,322","3,897,243","2,661,708 ",Europe,2,278,0,121,0.8,"2,172"
Bulgaria,"1,296,450",,"38,208                                ",,"1,255,446",,"2,796",25,"189,412","5,582","11,041,500","1,613,170","6,844,597 ",Europe,5,179,1,,,408
Morocco,"1,272,411",,"16,296                                ",,"1,256,045",,70,3,"33,686",431,"12,972,026","343,423","37,772,756 ",Africa,30,"2,318",3,,,2
Croatia,"1,268,666",,"17,950                                ",,"1,250,175",,541,10,"312,534","4,422","5,503,682","1,355,825","4,059,286 ",Europe,3,226,1,,,133
Guatemala,"1,234,843",,"20,160                                ",,"1,213,424",,"1,259",5,"66,446","1,085","6,891,394","370,823","18,584,039 ",North America,15,922,3,,,68
Lebanon,"1,231,303",,"10,821                                ",,"1,087,587",,"132,895",74,"184,193","1,619","4,795,578","717,380","6,684,849 ",Asia,5,618,1,,,"19,880"
Costa Rica,"1,199,055",,"9,214                                ",,"860,711",,"329,130",52,"231,373","1,778","4,659,757","899,158","5,182,354 ",North America,4,562,1,,,"63,510"
Bolivia,"1,192,283",,"22,362                                ",,"1,155,678",,"14,243",220,"99,418","1,865","2,705,422","225,590","11,992,656 ",South America,10,536,4,,,"1,188"
Tunisia,"1,150,793",,"29,330                                ",,N/A,N/A,N/A,44,"95,528","2,435","5,001,397","415,169","12,046,656 ",Africa,10,411,2,,,951
Cuba,"1,112,561",,"8,530                                ",,"1,103,956",,75,2,"98,408",754,"14,314,110","1,266,102","11,305,652 ",North America,10,"1,325",1,,,7
Ecuador,"1,056,578",,"36,008                                ",,"1,015,999",,"4,571",759,"58,331","1,988","3,082,403","170,173","18,113,361 ",South America,17,503,6,,,252
UAE,"1,051,336",,"2,348                                ",,"1,034,628",,"14,360",,"104,281",233,"199,104,417","19,748,925","10,081,785 ",Asia,10,"4,294",0,,,"1,424"
Uruguay,"1,034,046",,"7,617                                ",,"1,025,995",,434,18,"295,778","2,179","6,114,822","1,749,083","3,496,016 ",South America,3,459,1,,,124
Panama,"1,030,658",,"8,600                                ",,"1,021,441",,617,16,"231,767","1,934","7,491,978","1,684,740","4,446,964 ",North America,4,517,1,,,139
Mongolia,"1,007,896",,"2,179                                ",,"1,005,705",,12,192,"298,364",645,"4,030,048","1,193,000","3,378,078 ",Asia,3,"1,550",1,,,4
Nepal,"1,001,138",+1,"12,020                                ",,"989,107",+2,11,,"33,122",398,"6,010,863","198,867","30,225,582 ",Asia,30,"2,515",5,0.03,,0.4
Belarus,"994,037",,"7,118                                ",,"985,592",,"1,327",,"105,381",755,"13,646,641","1,446,722","9,432,800 ",Europe,9,"1,325",1,,,141
Latvia,"975,903",+19,"6,235                                ",,"969,311",+32,357,13,"527,847","3,372","7,863,709","4,253,327","1,848,837 ",Europe,2,297,0,10,,193
Saudi Arabia,"829,095",,"9,607                                ",,"816,432",,"3,056",38,"23,130",268,"45,124,522","1,258,882","35,844,909 ",Asia,43,"3,731",1,,,85
Azerbaijan,"828,426",,"10,108                                ",,"818,167",,151,,"80,428",981,"7,517,428","729,833","10,300,205 ",Asia,12,"1,019",1,,,15
Paraguay,"807,453",,"19,849                                ",,N/A,N/A,N/A,7,"110,522","2,717","2,657,506","363,751","7,305,843 ",South America,9,368,3,,,"12,221"
Bahrain,"705,444",,"1,548                                ",,"701,697",,"2,199",1,"395,432",868,"10,725,689","6,012,215","1,783,983 ",Asia,3,"1,152",0,,,"1,233"
Sri Lanka,"672,024",,"16,829                                ",,"655,192",,3,,"31,147",780,"6,486,117","300,619","21,575,842 ",Asia,32,"1,282",3,,,0.1
Kuwait,"662,858",,"2,570                                ",,"660,237",,51,,"151,326",587,"8,455,743","1,930,391","4,380,326 ",Asia,7,"1,704",1,,,12
Dominican Republic,"660,533",,"4,384                                ",,"644,785",,"11,364",4,"59,742",397,"3,740,928","338,350","11,056,370 ",North America,17,"2,522",3,,,"1,028"
Cyprus,"647,031",,"1,297                                ",,"641,366",,"4,368",60,"528,885","1,060","9,640,118","7,879,860","1,223,387 ",Asia,2,943,0,,,"3,570"
Myanmar,"633,903",,"19,490                                ",,"614,374",,39,,"11,478",353,"10,027,516","181,569","55,227,143 ",Asia,87,"2,834",6,,,0.7
Palestine,"621,008",,"5,404                                ",,"615,445",,159,17,"116,173","1,011","3,078,533","575,907","5,345,541 ",Asia,9,989,2,,,30
Estonia,"614,848",,"2,934                                ",,"524,990",,"86,924",1,"465,121","2,220","3,671,717","2,777,585","1,321,910 ",Europe,2,451,0,,,"65,756"
Moldova,"603,750",,"11,974                                ",,"504,142",,"87,634",49,"150,442","2,984","3,216,305","801,437","4,013,171 ",Europe,7,335,1,,,"21,837"
Venezuela,"551,950",,"5,852                                ",,"545,687",,411,36,"18,859",200,"3,359,014","114,771","29,266,991 ",South America,53,"5,001",9,,,14
Egypt,"515,698",,"24,613                                ",,"442,182",,"48,903",122,"4,858",232,"3,693,367","34,792","106,156,692 ",Africa,206,"4,313",29,,,461
Libya,"507,171",,"6,437                                ",,"500,733",,1,,"72,034",914,"2,483,538","352,738","7,040,745 ",Africa,14,"1,094",3,,,0.1
Ethiopia,"499,903",,"7,572                                ",,"487,185",,"5,146",,"4,138",63,"5,483,106","45,385","120,812,698 ",Africa,242,"15,955",22,,,43
Qatar,"493,724",+85,686                                ,,"492,695",+57,343,21,"165,684",230,"4,065,369","1,364,257","2,979,915 ",Asia,6,"4,344",1,29,,115
Réunion,"486,588",,921                                ,,"418,572",,"67,095",10,"535,854","1,014","1,603,660","1,766,027","908,061 ",Africa,2,986,1,,,"73,888"
Honduras,"471,557",,"11,109                                ",,N/A,N/A,N/A,105,"46,135","1,087","1,626,616","159,141","10,221,247 ",North America,22,920,6,,,"32,081"
Armenia,"446,819",,"8,721                                ",,"435,162",,"2,936",,"150,345","2,934","3,242,901","1,091,164","2,971,966 ",Asia,7,341,1,,,988
Bosnia and Herzegovina,"401,575",,"16,278                                ",,"379,084",,"6,213",,"123,588","5,010","1,884,721","580,036","3,249,317 ",Europe,8,200,2,,,"1,912"
Oman,"399,449",,"4,628                                ",,"384,669",,"10,152",2,"75,028",869,"25,000,000","4,695,724","5,323,993 ",Asia,13,"1,150",0,,,"1,907"
North Macedonia,"346,733",,"9,653                                ",,"336,974",,106,,"166,594","4,638","2,223,705","1,068,419","2,081,304 ",Europe,6,216,1,,,51
Kenya,"342,900",,"5,688                                ",,"337,183",,29,1,"6,100",101,"3,967,062","70,569","56,215,221 ",Africa,164,"9,883",14,,,0.5
Zambia,"342,831",,"4,055                                ",,"338,289",,487,,"17,608",208,"3,923,997","201,538","19,470,234 ",Africa,57,"4,802",5,,,25
Albania,"334,336",,"3,596                                ",,"329,079",,"1,661",,"116,641","1,255","1,941,032","677,173","2,866,374 ",Europe,9,797,1,,,579
Botswana,"329,662",,"2,801                                ",,"326,868",,-7,1,"135,043","1,147","2,026,898","830,300","2,441,162 ",Africa,7,872,1,,,-2.87
Luxembourg,"297,757",,"1,133                                ",,"288,991",,"7,633",,"463,528","1,764","4,412,567","6,869,188","642,371 ",Europe,2,567,0,,,"11,883"
Montenegro,"287,772",,"2,800                                ",,"284,206",,766,6,"458,272","4,459","2,712,064","4,318,917","627,950 ",Europe,2,224,0,,,"1,220"
Brunei ,"276,825",,225                                ,,"243,601",,"32,999",3,"621,477",505,"717,784","1,611,437","445,431 ",Asia,2,"1,980",1,,,"74,083"
Algeria,"271,431",,"6,881                                ",,"182,788",,"81,762",,"5,985",152,"230,861","5,091","45,350,148 ",Africa,167,"6,591",196,,,"1,803"
Nigeria,"266,463",,"3,155                                ",,"259,850",,"3,458",11,"1,229",15,"5,708,974","26,339","216,746,934 ",Africa,813,"68,700",38,,,16
Zimbabwe,"263,921",,"5,663                                ",,"257,205",,"1,053",12,"17,214",369,"2,525,756","164,744","15,331,428 ",Africa,58,"2,707",6,,,69
Uzbekistan,"250,932",,"1,637                                ",,"241,486",,"7,809",23,"7,298",48,"1,377,915","40,077","34,382,084 ",Asia,137,"21,003",25,,,227
Mozambique,"233,098",,"2,242                                ",,"228,805",,"2,051",11,"7,044",68,"1,371,127","41,437","33,089,461 ",Africa,142,"14,759",24,,,62
Martinique,"229,807",,"1,098                                ",,N/A,N/A,N/A,12,"614,314","2,935","828,928","2,215,870","374,087 ",North America,2,341,0,,,"611,101"
Laos,"218,014",+2,758                                ,,N/A,N/A,N/A,,"29,142",101,"1,233,207","164,845","7,481,023 ",Asia,34,"9,869",6,0.3,,"28,017"
Afghanistan,"209,181",,"7,896                                ",,"190,290",,"10,995",45,"5,133",194,"1,197,450","29,382","40,754,388 ",Asia,195,"5,161",34,,,270
Iceland,"208,999",,229                                ,,N/A,N/A,N/A,2,"605,105",663,"1,996,384","5,780,036","345,393 ",Europe,2,"1,508",0,,,"385,315"
Kyrgyzstan,"206,633",,"2,991                                ",,"196,406",,"7,236",131,"30,711",445,"1,907,195","283,460","6,728,271 ",Asia,33,"2,250",4,,,"1,075"
Guadeloupe,"201,852",,"1,010                                ",,N/A,N/A,N/A,19,"504,890","2,526","938,039","2,346,306","399,794 ",North America,2,396,0,,,"496,736"
El Salvador,"201,785",,"4,230                                ",,"179,410",,"18,145",8,"30,805",646,"2,610,114","398,467","6,550,389 ",North America,32,"1,549",3,,,"2,770"
Trinidad and Tobago,"188,737",,"4,339                                ",,"184,363",,35,8,"134,181","3,085","895,520","636,663","1,406,585 ",North America,7,324,2,,,25
Maldives,"185,729",,311                                ,,"163,687",,"21,731",25,"343,316",575,"2,213,831","4,092,223","540,985 ",Asia,3,"1,740",0,,,"40,169"
Ghana,"171,167",,"1,462                                ",,"169,696",,9,2,"5,284",45,"2,529,887","78,094","32,395,450 ",Africa,189,"22,158",13,,,0.3
Namibia,"171,121",,"4,090                                ",,"166,689",,342,,"64,969","1,553","1,062,663","403,460","2,633,874 ",Africa,15,644,2,,,130
Uganda,"170,478",,"3,630                                ",,"100,431",,"66,417",3,"3,520",75,"3,012,408","62,198","48,432,863 ",Africa,284,"13,342",16,,,"1,371"
Jamaica,"154,065",,"3,500                                ",,"102,393",,"48,172",,"51,611","1,172","1,183,986","396,633","2,985,094 ",North America,19,853,3,,,"16,138"
Cambodia,"138,713",,"3,056                                ",,"135,649",+1,8,,"8,079",178,"3,091,420","180,062","17,168,639 ",Asia,124,"5,618",6,,,0.5
Rwanda,"133,170",,"1,468                                ",,"131,634",,68,,"9,792",108,"5,959,042","438,150","13,600,464 ",Africa,102,"9,265",2,,,5
Cameroon,"124,328",,"1,965                                ",,"122,333",,30,13,"4,454",70,"1,751,774","62,762","27,911,548 ",Africa,224,"14,204",16,,,1
Malta,"117,338",,827                                ,,"115,923",,588,4,"264,255","1,862","2,111,209","4,754,622","444,033 ",Europe,4,537,0,,,"1,324"
Barbados,"106,645",,575                                ,,"106,057",,13,,"370,266","1,996","794,426","2,758,203","288,023 ",North America,3,501,0,,,45
Angola,"105,205",,"1,931                                ",,"103,250",,24,,"3,004",55,"1,499,795","42,818","35,027,343 ",Africa,333,"18,139",23,,,0.7
Channel Islands,"101,320",,227                                ,,"100,975",,118,,"574,171","1,286","1,252,808","7,099,551","176,463 ",Europe,2,777,0,,,669
French Guiana,"98,041",,420                                ,,"11,254",,"86,367",6,"312,065","1,337","651,257","2,072,951","314,169 ",South America,3,748,0,,,"274,906"
DRC,"95,646",,"1,464                                ",,"84,282",,"9,900",,"1,004",15,"846,704","8,890","95,240,792 ",Africa,996,"65,055",112,,,104
Senegal,"88,917",,"1,971                                ",,"86,938",,8,,"5,037",112,"1,146,543","64,946","17,653,671 ",Africa,199,"8,957",15,,,0.5
Malawi,"88,681",,"2,686                                ",,"85,542",,453,67,"4,394",133,"624,784","30,959","20,180,839 ",Africa,228,"7,513",32,,,22
Ivory Coast,"88,138",,834                                ,,"87,262",,42,,"3,177",30,"1,677,538","60,469","27,742,298 ",Africa,315,"33,264",17,,,2
Suriname,"82,227",,"1,400                                ",,N/A,N/A,N/A,,"137,773","2,346","240,907","403,644","596,831 ",South America,7,426,2,,,"52,112"
New Caledonia,"79,871",,314                                ,,"79,572",,-15,9,"274,551","1,079","98,964","340,182","290,915 ",Australia/Oceania,4,926,3,,,-51.56
French Polynesia,"77,957",,649                                ,,N/A,N/A,N/A,7,"274,338","2,284",,,"284,164 ",Australia/Oceania,4,438,,,,"154,164"
Eswatini,"74,199",,"1,423                                ",,"72,726",,50,,"62,625","1,201","1,048,704","885,119","1,184,817 ",Africa,16,833,1,,,42
Guyana,"73,062",,"1,298                                ",,"71,742",,22,,"92,012","1,635","720,953","907,950","794,045 ",South America,11,612,1,,,28
Belize,"70,740",,688                                ,,"70,036",,16,6,"171,620","1,669","576,016","1,397,453","412,190 ",North America,6,599,1,,,39
Fiji,"68,876",,883                                ,,"66,831",,"1,162",,"75,732",971,"668,445","734,986","909,466 ",Australia/Oceania,13,"1,030",1,,,"1,278"
Madagascar,"67,852",,"1,421                                ",,"66,427",,4,,"2,325",49,"525,141","17,998","29,178,077 ",Africa,430,"20,533",56,,,0.1
Sudan,"63,787",,"5,011                                ",,"58,438",,338,,"1,387",109,"562,941","12,240","45,992,020 ",Africa,721,"9,178",82,,,7
Mauritania,"63,667",,997                                ,,"62,439",,231,,"12,988",203,"1,009,957","206,030","4,901,981 ",Africa,77,"4,917",5,,,47
Cabo Verde,"63,240",,413                                ,,"62,768",,59,23,"111,401",728,"401,622","707,482","567,678 ",Africa,9,"1,375",1,,,104
Bhutan,"62,615",,21                                ,,"61,564",,"1,030",,"79,467",27,"2,303,734","2,923,739","787,941 ",Asia,13,"37,521",0,,,"1,307"
Syria,"57,463",,"3,164                                ",,"54,299",,0,,"2,967",163,"146,269","7,553","19,364,809 ",Asia,337,"6,120",132,,,
Burundi,"53,609",,38                                ,,"53,569",,2,,"4,246",3,"345,742","27,386","12,624,840 ",Africa,235,"332,233",37,,,0.2
Seychelles,"50,665",,172                                ,,"50,440",,53,,"509,575","1,730",,,"99,426 ",Africa,2,578,,,,533
Gabon,"48,981",,306                                ,,"48,674",,1,,"21,008",131,"1,621,909","695,641","2,331,533 ",Africa,48,"7,619",1,,,0.4
Andorra,"47,866",,165                                ,,"47,563",,138,14,"617,921","2,130","249,838","3,225,256","77,463 ",Europe,2,469,0,,,"1,781"
Papua New Guinea,"46,792",,670                                ,,"43,982",,"2,140",7,"5,036",72,"249,149","26,813","9,292,169 ",Australia/Oceania,199,"13,869",37,,,230
Curaçao,"45,986",,295                                ,,"44,720",,971,3,"277,812","1,782","496,693","3,000,640","165,529 ",North America,4,561,0,,,"5,866"
Aruba,"44,026",,236                                ,,"42,438",,"1,352",2,"409,129","2,193","177,885","1,653,068","107,609 ",North America,2,456,1,,,"12,564"
Tanzania,"42,823",,846                                ,,N/A,N/A,N/A,7,677,13,,,"63,298,550 ",Africa,"1,478","74,821",,,,660
Mayotte,"42,004",,188                                ,,N/A,N/A,N/A,,"146,734",657,"176,919","618,038","286,259 ",Africa,7,"1,523",2,,,"135,723"
Mauritius,"41,698",,"1,043                                ",,"39,991",,664,,"32,711",818,"358,675","281,374","1,274,727 ",Africa,31,"1,222",4,,,521
Togo,"39,367",,290                                ,,"39,072",,5,,"4,535",33,"807,880","93,065","8,680,837 ",Africa,221,"29,934",11,,,0.6
Guinea,"38,267",,467                                ,,"37,757",,43,8,"2,760",34,"660,107","47,607","13,865,691 ",Africa,362,"29,691",21,,,3
Isle of Man,"38,008",,116                                ,,N/A,N/A,N/A,,"443,335","1,353","150,753","1,758,422","85,732 ",Europe,2,739,1,,,"129,450"
Bahamas,"37,491",,833                                ,,"36,366",,292,1,"93,607","2,080","257,839","643,767","400,516 ",North America,11,481,2,,,729
Lesotho,"34,790",,723                                ,,"25,980",,"8,087",,"15,990",332,"431,221","198,199","2,175,699 ",Africa,63,"3,009",5,,,"3,717"
Faeroe Islands,"34,658",,28                                ,,N/A,N/A,N/A,5,"703,959",569,"778,000","15,802,409","49,233 ",Europe,1,"1,758",0,,,"547,133"
Haiti,"34,143",,860                                ,,"33,044",,239,,"2,923",74,"132,422","11,337","11,680,283 ",North America,342,"13,582",88,,,20
Mali,"32,963",,743                                ,,"32,032",,188,,"1,535",35,"794,233","36,986","21,473,764 ",Africa,651,"28,901",27,,,9
Cayman Islands,"31,472",,37                                ,,"8,553",,"22,882",1,"467,797",550,"222,773","3,311,280","67,277 ",North America,2,"1,818",0,,,"340,116"
Saint Lucia,"29,882",,409                                ,,"29,095",,378,,"161,426","2,209","210,983","1,139,752","185,113 ",North America,6,453,1,,,"2,042"
Benin,"27,990",,163                                ,,"27,825",,2,,"2,189",13,"604,310","47,268","12,784,726 ",Africa,457,"78,434",21,,,0.2
Somalia,"27,324",,"1,361                                ",,"13,182",,"12,781",,"1,622",81,"400,466","23,778","16,841,795 ",Africa,616,"12,375",42,,,759
Congo,"25,375",,386                                ,,"24,006",,983,,"4,377",67,"347,815","59,991","5,797,805 ",Africa,228,"15,020",17,,,170
Solomon Islands,"24,575",,153                                ,,N/A,N/A,N/A,1,"34,077",212,,,"721,159 ",Australia/Oceania,29,"4,713",,,,"11,183"
Micronesia,"23,671",,60                                ,,N/A,N/A,N/A,1,"201,474",511,"54,967","467,848","117,489 ",Australia/Oceania,5,"1,958",2,,,"137,834"
San Marino,"23,521",,122                                ,,"23,276",,123,4,"690,069","3,579","157,634","4,624,732","34,085 ",Europe,1,279,0,,,"3,609"
Timor-Leste,"23,418",,138                                ,,"23,102",,178,,"17,101",101,"278,529","203,391","1,369,429 ",Asia,58,"9,923",5,,,130
Burkina Faso,"22,056",,396                                ,,"21,596",,64,,998,18,"248,995","11,265","22,102,838 ",Africa,"1,002","55,815",89,,,3
Liechtenstein,"21,387",,89                                ,,"21,279",,19,,"557,142","2,318","112,457","2,929,559","38,387 ",Europe,2,431,0,,,495
Gibraltar,"20,420",,111                                ,,"16,579",,"3,730",,"605,863","3,293","534,283","15,852,213","33,704 ",Europe,2,304,0,,,"110,669"
Grenada,"19,680",,238                                ,,"19,358",,84,4,"173,430","2,097","182,981","1,612,523","113,475 ",North America,6,477,1,,,740
Bermuda,"18,799",,160                                ,,"18,632",,7,,"303,508","2,583","1,027,337","16,586,270","61,939 ",North America,3,387,0,,,113
Nicaragua,"18,491",,225                                ,,"4,225",,"14,041",,"2,728",33,,,"6,779,100 ",North America,367,"30,129",,,,"2,071"
South Sudan,"18,368",,138                                ,,"18,115",,115,1,"1,581",12,"410,280","35,313","11,618,511 ",Africa,633,"84,192",28,,,10
Tajikistan,"17,786",,125                                ,,"17,264",,397,,"1,786",13,,,"9,957,464 ",Asia,560,"79,660",,,,40
Equatorial Guinea,"17,229",,183                                ,,"16,907",,139,5,"11,512",122,"365,697","244,342","1,496,662 ",Africa,87,"8,178",4,,,93
Tonga,"16,801",,13                                ,,"15,638",,"1,150",,"155,927",121,"535,009","4,965,327","107,749 ",Australia/Oceania,6,"8,288",0,,,"10,673"
Samoa,"16,607",,29                                ,,"1,605",,"14,973",,"82,116",143,"187,397","926,612","202,239 ",Australia/Oceania,12,"6,974",1,,,"74,036"
Monaco,"16,106",,67                                ,,"15,992",,47,4,"404,846","1,684","78,646","1,976,875","39,783 ",Europe,2,594,1,,,"1,181"
Dominica,"15,760",,74                                ,,"15,673",,13,,"217,848","1,023","229,344","3,170,187","72,344 ",North America,5,978,0,,,180
Djibouti,"15,690",,189                                ,,"15,427",,74,,"15,441",186,"305,941","301,094","1,016,097 ",Africa,65,"5,376",3,,,73
Marshall Islands,"15,598",,17                                ,,"15,528",,53,,"259,720",283,,,"60,057 ",Australia/Oceania,4,"3,533",,,,882
CAR,"15,368",,113                                ,,"15,200",,55,2,"3,063",23,"81,294","16,205","5,016,678 ",Africa,326,"44,395",62,,,11
Gambia,"12,586",,372                                ,,"12,189",,25,,"4,919",145,"155,686","60,851","2,558,482 ",Africa,203,"6,878",16,,,10
Saint Martin,"12,257",,63                                ,,"1,399",,"10,795",7,"308,507","1,586","112,382","2,828,643","39,730 ",North America,3,631,0,,,"271,709"
Vanuatu,"12,014",,14                                ,,"11,976",,24,,"37,330",44,"24,976","77,606","321,832 ",Australia/Oceania,27,"22,988",13,,,75
Greenland,"11,971",,21                                ,,"2,761",,"9,189",4,"210,117",369,"164,926","2,894,810","56,973 ",North America,5,"2,713",0,,,"161,287"
Yemen,"11,945",,"2,159                                ",,"9,124",,662,23,383,69,"329,592","10,579","31,154,867 ",Asia,"2,608","14,430",95,,,21
Caribbean Netherlands,"11,668",,38                                ,,"10,476",,"1,154",,"437,873","1,426","30,126","1,130,559","26,647 ",North America,2,701,1,,,"43,307"
Sint Maarten,"11,016",,91                                ,,"10,905",,20,N/A,"250,557","2,070","62,056","1,411,454","43,966 ",North America,4,483,1,,,455
Eritrea,"10,189",,103                                ,,"10,086",,0,,"2,782",28,"23,693","6,470","3,662,244 ",Africa,359,"35,556",155,,,
Niger,"9,931",,312                                ,,"8,890",,729,1,381,12,"254,538","9,759","26,083,660 ",Africa,"2,626","83,601",102,,,28
St. Vincent Grenadines,"9,589",,123                                ,,"9,466",+3,0,,"85,961","1,103","113,703","1,019,292","111,551 ",North America,12,907,1,,,
Antigua and Barbuda,"9,106",,146                                ,,"8,954",,6,1,"91,509","1,467","18,901","189,943","99,509 ",North America,11,682,5,,,60
Comoros,"8,998",,161                                ,,"8,837",,0,,"9,916",177,,,"907,419 ",Africa,101,"5,636",,,,
Guinea-Bissau,"8,953",,176                                ,,"8,660",,117,6,"4,339",85,"145,231","70,385","2,063,367 ",Africa,230,"11,724",14,,,57
Liberia,"8,065",,294                                ,,"7,768",,3,2,"1,520",55,"139,824","26,356","5,305,117 ",Africa,658,"18,045",38,,,0.6
Sierra Leone,"7,760",,126                                ,,N/A,N/A,N/A,,934,15,"259,958","31,296","8,306,436 ",Africa,"1,070","65,924",32,,,330
Chad,"7,675",,194                                ,,"4,874",,"2,607",,441,11,"191,341","10,988","17,413,580 ",Africa,"2,269","89,761",91,,,150
British Virgin Islands,"7,305",,64                                ,,N/A,N/A,N/A,,"238,757","2,092","107,339","3,508,269","30,596 ",North America,4,478,0,,,392
Cook Islands,"7,025",,2                                ,,"7,012",,11,,"399,806",114,"19,690","1,120,596","17,571 ",Australia/Oceania,3,"8,786",1,,,626
Saint Kitts and Nevis,"6,596",,46                                ,,"6,546",,4,,"122,441",854,"126,927","2,356,129","53,871 ",North America,8,"1,171",0,,,74
Turks and Caicos,"6,551",,38                                ,,"6,491",,22,4,"164,842",956,"611,527","15,387,811","39,741 ",North America,6,"1,046",0,,,554
Sao Tome and Principe,"6,281",,77                                ,,"6,203",,1,,"27,587",338,"29,036","127,530","227,679 ",Africa,36,"2,957",8,,,4
Palau,"5,988",,9                                ,,"5,976",,3,,"328,416",494,"69,136","3,791,806","18,233 ",Australia/Oceania,3,"2,026",0,,,165
St. Barth,"5,439",,6                                ,,N/A,N/A,N/A,,"546,908",603,"78,646","7,908,095","9,945 ",North America,2,"1,658",0,,,"499,849"
Nauru,"5,247",,1                                ,,"5,075",,171,,"481,244",92,"20,509","1,881,042","10,903 ",Australia/Oceania,2,"10,903",1,,,"15,684"
Kiribati,"5,013",,18                                ,,"2,703",,"2,292",3,"40,618",146,,,"123,419 ",Australia/Oceania,25,"6,857",,,,"18,571"
Anguilla,"3,904",,12                                ,,"3,879",,13,4,"256,336",788,"51,382","3,373,736","15,230 ",North America,4,"1,269",0,,,854
Macao,"3,513",,121                                ,,"3,378",,14,,"5,263",181,"7,850","11,760","667,490 ",Asia,190,"5,516",85,,,21
Saint Pierre Miquelon,"3,452",,2                                ,,"2,449",,"1,001",1,"599,410",347,"25,400","4,410,488","5,759 ",North America,2,"2,880",0,,,"173,815"
Wallis and Futuna,"3,427",,7                                ,,438,,"2,982",,"312,056",637,"20,508","1,867,419","10,982 ",Australia/Oceania,3,"1,569",1,,,"271,535"
Tuvalu,"2,805",, ,,,,"2,805",,"232,471",,,,"12,066 ",Australia/Oceania,4,,,,,"232,471"
MS Zaandam,9,,2                                ,,7,,0,,,,,, ,,,,,,,
Tokelau,5,, ,,,,5,,"3,628",,,,"1,378 ",Australia/Oceania,276,,,,,"3,628"
China,"503,302",,"5,272                                ",,"379,053",,"118,977",N/A,347,4,"160,000,000","110,461","1,448,471,400                                ",Asia,"2,878","274,748",9,,,82
Total:,"124,368,058",,"1,609,168",,"119,584,269",,"3,174,621","7,602",,,,,,North America, ,,,,,
Total:,"214,124,453","+25,356","1,535,631",+59,"198,725,146","+39,464","13,863,676","15,566",,,,,,Asia, ,,,,,
Total:,"246,002,733","+17,975","2,015,391",+54,"241,600,954","+46,490","2,386,388","6,467",,,,,,Europe, ,,,,,
Total:,"67,936,779",+100,"1,349,747",+13,"66,186,164",+627,"400,868","10,196",,,,,,South America, ,,,,,
Total:,"13,968,528",,"25,968",,"13,823,069",,"119,491",71,,,,,,Australia/Oceania, ,,,,,
Total:,"12,790,732",,"258,576",,"12,074,402",,"457,754",547,,,,,,Africa, ,,,,,
Total:,721,,15,,706,,0,0,,,,,,, ,,,,,
Total:,"679,192,004","+43,431","6,794,496",+126,"651,994,710","+88,160","20,402,798","40,449","87,134.0",871.7,,,,All,"
",,,,,
